Address,Date time,Minimum Temperature,Maximum Temperature,Temperature,Dew Point,Relative Humidity,Heat Index,Wind Speed,Wind Gust,Wind Direction,Wind Chill,Precipitation,Precipitation Cover,Snow Depth,Visibility,Cloud Cover,Sea Level Pressure,Weather Type,Latitude,Longitude,Resolved Address,Name,Info,Conditions
"Seattle,WA,US","01/01/2019",30.8,44.1,36.6,31.1,81.05,,8.1,,65.42,25.0,0.0,0.0,,9.3,51.9,1027.5,"",47.6036,-122.329,"Seattle, WA, United States","Seattle, WA, United States","","Partially cloudy"
"Seattle,WA,US","01/02/2019",36.0,47.0,43.4,36.3,77.0,,12.8,,105.0,31.2,0.41,33.33,,7.7,89.9,1017.1,"",47.6036,-122.329,"Seattle, WA, United States","Seattle, WA, United States","","Rain, Overcast"
"Seattle,WA,US","01/03/2019",46.1,56.0,51.4,44.0,76.63,,19.7,36.7,168.75,42.0,0.39,58.33,,9.2,86.7,1008.2,"",47.6036,-122.329,"Seattle, WA, United States","Seattle, WA, United States","","Rain, Overcast"
"Seattle,WA,US","01/04/2019",39.8,51.2,47.2,41.0,79.38,,15.0,32.2,76.67,47.0,0.0,0.0,,9.9,65.7,1008.2,"",47.6036,-122.329,"Seattle, WA, United States","Seattle, WA, United States","","Partially cloudy"
"Seattle,WA,US","01/05/2019",41.0,50.0,46.4,41.0,81.69,,33.3,46.1,108.33,32.2,0.18,40.0,,9.6,83.5,993.1,"",47.6036,-122.329,"Seattle, WA, United States","Seattle, WA, United States","","Rain, Overcast"
"Seattle,WA,US","01/06/2019",37.1,47.0,41.2,35.1,79.15,,11.4,18.3,158.64,30.5,0.26,29.17,,9.5,82.3,1005.3,"",47.6036,-122.329,"Seattle, WA, United States","Seattle, WA, United States","","Rain, Overcast"
"Seattle,WA,US","01/07/2019",37.1,45.0,40.7,32.0,71.27,,8.1,,132.73,32.8,0.0,0.0,,9.9,58.6,1020.7,"",47.6036,-122.329,"Seattle, WA, United States","Seattle, WA, United States","","Partially cloudy"
"Seattle,WA,US","01/08/2019",42.2,47.0,44.3,38.6,81.01,,11.4,,154.76,36.7,0.34,62.5,,9.6,91.6,1009.7,"",47.6036,-122.329,"Seattle, WA, United States","Seattle, WA, United States","","Rain, Overcast"
"Seattle,WA,US","01/09/2019",45.0,52.1,48.8,43.4,82.06,,15.0,,140.83,42.3,0.27,62.5,,9.6,87.5,1010.0,"",47.6036,-122.329,"Seattle, WA, United States","Seattle, WA, United States","","Rain, Overcast"
"Seattle,WA,US","01/10/2019",41.0,53.1,47.3,42.6,83.97,,8.1,,55.83,46.0,0.0,0.0,,9.5,64.4,1017.9,"",47.6036,-122.329,"Seattle, WA, United States","Seattle, WA, United States","","Partially cloudy"
"Seattle,WA,US","01/11/2019",33.2,55.1,44.9,38.5,78.85,,8.1,,82.5,,0.0,0.0,,9.9,22.4,1014.0,"",47.6036,-122.329,"Seattle, WA, United States","Seattle, WA, United States","","Clear"
"Seattle,WA,US","01/12/2019",33.2,56.0,42.5,35.7,78.47,,3.4,,26.67,,0.0,0.0,,9.8,22.4,1018.4,"",47.6036,-122.329,"Seattle, WA, United States","Seattle, WA, United States","","Clear"
"Seattle,WA,US","01/13/2019",30.8,53.1,39.9,33.0,77.73,,5.8,,106.67,30.2,0.0,0.0,,9.9,0.0,1020.1,"",47.6036,-122.329,"Seattle, WA, United States","Seattle, WA, United States","","Clear"
"Seattle,WA,US","01/14/2019",29.0,51.2,39.5,32.9,79.1,,5.8,,94.78,23.9,0.0,0.0,,7.8,9.5,1014.4,"",47.6036,-122.329,"Seattle, WA, United States","Seattle, WA, United States","","Clear"
"Seattle,WA,US","01/15/2019",29.0,47.9,37.9,31.6,79.12,,5.8,,31.04,22.9,0.0,0.0,,9.3,40.6,1009.2,"",47.6036,-122.329,"Seattle, WA, United States","Seattle, WA, United States","","Partially cloudy"
"Seattle,WA,US","01/16/2019",35.1,52.1,47.1,35.6,65.71,,10.3,19.7,137.92,30.9,0.06,8.33,,9.8,86.1,1002.6,"",47.6036,-122.329,"Seattle, WA, United States","Seattle, WA, United States","","Rain, Overcast"
"Seattle,WA,US","01/17/2019",47.0,55.1,50.2,40.5,69.9,,18.3,26.4,171.74,42.3,0.12,29.17,,9.8,84.9,1008.0,"",47.6036,-122.329,"Seattle, WA, United States","Seattle, WA, United States","","Rain, Overcast"
"Seattle,WA,US","01/18/2019",45.0,53.1,48.7,41.6,77.1,,15.0,25.3,145.83,40.7,0.3,37.5,,9.5,67.1,1015.2,"",47.6036,-122.329,"Seattle, WA, United States","Seattle, WA, United States","","Rain, Partially cloudy"
"Seattle,WA,US","01/19/2019",38.9,51.2,45.3,39.5,80.39,,15.0,24.2,148.7,38.9,0.07,8.33,,9.9,36.9,1019.5,"",47.6036,-122.329,"Seattle, WA, United States","Seattle, WA, United States","","Rain, Partially cloudy"
"Seattle,WA,US","01/20/2019",35.1,47.0,40.6,35.4,82.39,,10.3,18.3,130.0,31.1,0.0,0.0,,9.9,66.0,1016.2,"",47.6036,-122.329,"Seattle, WA, United States","Seattle, WA, United States","","Partially cloudy"
"Seattle,WA,US","01/21/2019",38.9,47.0,42.0,34.5,74.62,,9.2,,130.0,33.3,0.0,0.0,,9.9,68.9,1028.7,"",47.6036,-122.329,"Seattle, WA, United States","Seattle, WA, United States","","Partially cloudy"
"Seattle,WA,US","01/22/2019",44.1,52.1,47.3,44.2,89.24,,18.3,34.4,182.08,38.8,0.63,62.5,,6.0,83.4,1020.0,"",47.6036,-122.329,"Seattle, WA, United States","Seattle, WA, United States","","Rain, Overcast"
"Seattle,WA,US","01/23/2019",44.1,50.0,47.0,42.5,84.43,,8.1,,65.91,42.0,0.09,16.67,,6.9,90.4,1030.0,"",47.6036,-122.329,"Seattle, WA, United States","Seattle, WA, United States","","Rain, Overcast"
"Seattle,WA,US","01/24/2019",42.2,47.9,45.5,39.9,80.64,,8.1,,65.83,44.2,0.0,0.0,,9.3,77.1,1032.1,"",47.6036,-122.329,"Seattle, WA, United States","Seattle, WA, United States","","Overcast"
"Seattle,WA,US","01/25/2019",35.1,50.0,43.4,36.9,78.55,,5.8,,51.3,36.7,0.0,0.0,,9.0,35.6,1034.1,"",47.6036,-122.329,"Seattle, WA, United States","Seattle, WA, United States","","Partially cloudy"
"Seattle,WA,US","01/26/2019",35.1,52.1,43.0,37.4,81.2,,6.9,,95.71,31.1,0.0,0.0,,7.7,36.9,1030.6,"",47.6036,-122.329,"Seattle, WA, United States","Seattle, WA, United States","","Partially cloudy"
"Seattle,WA,US","01/27/2019",38.0,44.1,42.2,37.5,83.44,,5.8,,72.0,35.7,0.0,0.0,,8.6,94.5,1028.8,"",47.6036,-122.329,"Seattle, WA, United States","Seattle, WA, United States","","Overcast"
"Seattle,WA,US","01/28/2019",33.2,50.0,41.4,31.8,69.66,,8.1,,149.13,32.3,0.0,0.0,,9.9,17.2,1023.5,"",47.6036,-122.329,"Seattle, WA, United States","Seattle, WA, United States","","Clear"
"Seattle,WA,US","01/29/2019",32.0,53.1,41.3,29.5,65.15,,6.9,,146.36,26.4,0.0,0.0,,9.9,3.5,1018.1,"",47.6036,-122.329,"Seattle, WA, United States","Seattle, WA, United States","","Clear"
"Seattle,WA,US","01/30/2019",34.1,50.0,42.8,32.7,68.72,,5.8,,70.48,31.2,0.0,0.0,,9.9,41.6,1013.9,"",47.6036,-122.329,"Seattle, WA, United States","Seattle, WA, United States","","Partially cloudy"
"Seattle,WA,US","01/31/2019",41.0,54.0,49.1,37.8,66.11,,9.2,,126.88,35.2,0.18,16.67,,9.5,86.9,1006.8,"",47.6036,-122.329,"Seattle, WA, United States","Seattle, WA, United States","","Rain, Overcast"
"Seattle,WA,US","02/01/2019",44.1,51.2,47.8,44.4,87.75,,10.3,18.3,151.74,39.5,0.34,50.0,,8.2,72.8,1003.4,"",47.6036,-122.329,"Seattle, WA, United States","Seattle, WA, United States","","Rain, Partially cloudy"
"Seattle,WA,US","02/02/2019",39.8,47.9,44.2,37.6,77.6,,12.8,20.8,152.17,32.4,0.02,4.17,,9.5,76.9,999.0,"",47.6036,-122.329,"Seattle, WA, United States","Seattle, WA, United States","","Rain, Overcast"
"Seattle,WA,US","02/03/2019",26.1,42.2,33.8,28.2,80.01,,15.0,21.9,231.43,16.7,0.21,45.83,,4.6,84.7,997.6,"",47.6036,-122.329,"Seattle, WA, United States","Seattle, WA, United States","","Rain, Overcast"
"Seattle,WA,US","02/04/2019",16.1,29.0,24.8,16.8,71.94,,11.4,24.2,110.59,7.5,0.0,0.0,,8.5,41.1,1007.4,"",47.6036,-122.329,"Seattle, WA, United States","Seattle, WA, United States","","Partially cloudy"
"Seattle,WA,US","02/05/2019",19.1,34.1,26.5,17.9,71.28,,6.9,,89.5,12.2,0.0,0.0,,9.8,24.0,1017.9,"",47.6036,-122.329,"Seattle, WA, United States","Seattle, WA, United States","","Clear"
"Seattle,WA,US","02/06/2019",20.9,36.0,28.0,19.6,71.77,,5.8,,62.17,13.2,0.0,0.0,,9.9,3.4,1027.5,"",47.6036,-122.329,"Seattle, WA, United States","Seattle, WA, United States","","Clear"
"Seattle,WA,US","02/07/2019",24.2,38.9,33.2,24.0,70.08,,6.9,,97.83,23.0,0.0,0.0,,9.9,69.6,1025.0,"",47.6036,-122.329,"Seattle, WA, United States","Seattle, WA, United States","","Partially cloudy"
"Seattle,WA,US","02/08/2019",29.9,36.0,32.0,28.4,86.5,,13.9,,121.52,22.0,0.56,62.5,,2.7,76.3,1008.9,"",47.6036,-122.329,"Seattle, WA, United States","Seattle, WA, United States","","Rain, Overcast"
"Seattle,WA,US","02/09/2019",15.2,34.1,27.4,20.8,76.44,,11.4,16.1,120.0,6.4,0.03,8.33,,8.7,29.2,1009.2,"",47.6036,-122.329,"Seattle, WA, United States","Seattle, WA, United States","","Rain, Partially cloudy"
"Seattle,WA,US","02/10/2019",20.0,36.0,31.5,25.9,79.93,,21.9,28.9,145.0,15.2,0.11,8.33,,7.7,79.2,1006.3,"",47.6036,-122.329,"Seattle, WA, United States","Seattle, WA, United States","","Rain, Overcast"
"Seattle,WA,US","02/11/2019",32.0,34.1,33.5,30.9,90.46,,9.2,,104.17,26.7,1.09,83.33,,4.3,87.4,1006.1,"",47.6036,-122.329,"Seattle, WA, United States","Seattle, WA, United States","","Rain, Overcast"
"Seattle,WA,US","02/12/2019",34.1,39.8,36.4,33.4,88.96,,10.3,19.7,134.58,26.7,0.17,29.17,,8.5,91.1,1005.0,"",47.6036,-122.329,"Seattle, WA, United States","Seattle, WA, United States","","Rain, Overcast"
"Seattle,WA,US","02/13/2019",29.9,39.8,36.0,29.2,76.43,,5.8,,159.58,27.4,0.0,0.0,,9.7,67.6,999.9,"",47.6036,-122.329,"Seattle, WA, United States","Seattle, WA, United States","","Partially cloudy"
"Seattle,WA,US","02/14/2019",36.0,43.1,39.4,34.0,81.5,,13.9,,122.92,30.3,0.17,33.33,,9.5,88.6,992.1,"",47.6036,-122.329,"Seattle, WA, United States","Seattle, WA, United States","","Rain, Overcast"
"Seattle,WA,US","02/15/2019",34.1,46.1,39.6,33.9,80.44,,10.3,17.2,93.75,29.8,0.02,4.17,,9.7,75.3,1005.9,"",47.6036,-122.329,"Seattle, WA, United States","Seattle, WA, United States","","Rain, Overcast"
"Seattle,WA,US","02/16/2019",33.2,44.1,38.2,35.2,88.79,,8.1,,96.25,28.7,0.26,41.67,,8.0,81.5,1013.6,"",47.6036,-122.329,"Seattle, WA, United States","Seattle, WA, United States","","Rain, Overcast"
"Seattle,WA,US","02/17/2019",33.2,44.1,37.4,32.6,83.43,,6.9,,105.0,29.2,0.07,8.33,,8.6,76.9,1025.7,"",47.6036,-122.329,"Seattle, WA, United States","Seattle, WA, United States","","Rain, Overcast"
"Seattle,WA,US","02/18/2019",37.1,44.1,39.8,35.3,84.15,,8.1,,104.13,32.2,0.02,4.17,,9.6,84.9,1027.2,"",47.6036,-122.329,"Seattle, WA, United States","Seattle, WA, United States","","Rain, Overcast"
"Seattle,WA,US","02/19/2019",38.0,44.1,40.7,35.8,82.44,,10.3,17.2,96.36,34.4,0.24,29.17,,9.3,85.4,1014.2,"",47.6036,-122.329,"Seattle, WA, United States","Seattle, WA, United States","","Rain, Overcast"
"Seattle,WA,US","02/20/2019",30.8,43.1,39.2,31.4,73.73,,8.1,,122.94,27.5,0.01,4.17,,9.7,74.1,1014.7,"",47.6036,-122.329,"Seattle, WA, United States","Seattle, WA, United States","","Rain, Partially cloudy"
"Seattle,WA,US","02/21/2019",35.1,47.0,39.2,27.9,64.6,,10.3,,172.61,27.4,0.0,0.0,,9.9,37.3,1019.4,"",47.6036,-122.329,"Seattle, WA, United States","Seattle, WA, United States","","Partially cloudy"
"Seattle,WA,US","02/22/2019",37.1,42.2,39.6,33.4,78.74,,15.0,25.8,171.46,31.6,0.12,12.5,,9.7,92.7,1015.9,"",47.6036,-122.329,"Seattle, WA, United States","Seattle, WA, United States","","Rain, Overcast"
"Seattle,WA,US","02/23/2019",37.1,46.1,40.9,34.3,77.73,,10.3,,102.61,32.2,0.11,16.67,,9.5,84.4,1017.5,"",47.6036,-122.329,"Seattle, WA, United States","Seattle, WA, United States","","Rain, Overcast"
"Seattle,WA,US","02/24/2019",30.8,43.1,38.4,28.9,68.87,,6.9,,35.5,30.9,0.0,0.0,,9.9,57.2,1013.3,"",47.6036,-122.329,"Seattle, WA, United States","Seattle, WA, United States","","Partially cloudy"
"Seattle,WA,US","02/25/2019",28.1,44.1,37.9,20.4,50.05,,13.9,24.2,137.73,24.4,0.0,0.0,,9.9,42.3,1012.4,"",47.6036,-122.329,"Seattle, WA, United States","Seattle, WA, United States","","Partially cloudy"
"Seattle,WA,US","02/26/2019",33.2,44.1,37.3,12.3,35.72,,17.2,28.7,106.84,28.7,0.0,0.0,,9.9,54.5,1016.0,"",47.6036,-122.329,"Seattle, WA, United States","Seattle, WA, United States","","Partially cloudy"
"Seattle,WA,US","02/27/2019",29.0,43.1,37.0,22.5,58.14,,9.2,,133.81,22.8,0.0,0.0,,9.9,67.6,1016.0,"",47.6036,-122.329,"Seattle, WA, United States","Seattle, WA, United States","","Partially cloudy"
"Seattle,WA,US","02/28/2019",34.1,47.9,41.4,26.8,58.23,,5.8,,54.09,32.3,0.0,0.0,,9.9,43.7,1019.9,"",47.6036,-122.329,"Seattle, WA, United States","Seattle, WA, United States","","Partially cloudy"
"Seattle,WA,US","03/01/2019",35.1,48.8,42.2,28.8,60.38,,10.3,,154.55,33.4,0.0,0.0,,9.9,46.8,1020.9,"",47.6036,-122.329,"Seattle, WA, United States","Seattle, WA, United States","","Partially cloudy"
"Seattle,WA,US","03/02/2019",28.1,50.0,39.5,23.1,52.84,,13.9,20.8,101.36,36.5,0.0,0.0,,9.9,19.1,1022.7,"",47.6036,-122.329,"Seattle, WA, United States","Seattle, WA, United States","","Clear"
"Seattle,WA,US","03/03/2019",25.1,47.9,36.7,10.2,34.71,,9.2,,56.19,20.9,0.0,0.0,,9.9,2.3,1024.9,"",47.6036,-122.329,"Seattle, WA, United States","Seattle, WA, United States","","Clear"
"Seattle,WA,US","03/04/2019",27.0,45.0,36.6,9.0,33.66,,11.4,,73.18,32.0,0.0,0.0,,9.9,1.1,1023.0,"",47.6036,-122.329,"Seattle, WA, United States","Seattle, WA, United States","","Clear"
"Seattle,WA,US","03/05/2019",36.0,47.9,41.2,20.8,46.09,,12.8,,122.14,33.4,0.0,0.0,,9.9,21.2,1010.8,"",47.6036,-122.329,"Seattle, WA, United States","Seattle, WA, United States","","Clear"
"Seattle,WA,US","03/06/2019",32.0,42.2,36.8,31.6,81.92,,9.2,,156.36,26.2,0.26,33.33,,7.8,84.1,1006.9,"",47.6036,-122.329,"Seattle, WA, United States","Seattle, WA, United States","","Rain, Overcast"
"Seattle,WA,US","03/07/2019",34.1,45.0,38.7,32.3,77.96,,11.4,,160.0,27.3,0.01,4.17,,9.6,74.1,1015.1,"",47.6036,-122.329,"Seattle, WA, United States","Seattle, WA, United States","","Rain, Partially cloudy"
"Seattle,WA,US","03/08/2019",29.0,41.0,34.4,30.4,85.7,,6.9,,78.26,25.0,0.06,16.67,,7.7,53.2,1016.0,"",47.6036,-122.329,"Seattle, WA, United States","Seattle, WA, United States","","Rain, Partially cloudy"
"Seattle,WA,US","03/09/2019",29.0,47.0,38.6,29.0,70.21,,9.2,,137.27,23.9,0.0,0.0,,9.3,18.0,1019.4,"",47.6036,-122.329,"Seattle, WA, United States","Seattle, WA, United States","","Clear"
"Seattle,WA,US","03/10/2019",30.8,52.1,40.6,25.7,57.47,,9.2,,167.62,22.7,0.0,0.0,,9.9,3.9,1023.2,"",47.6036,-122.329,"Seattle, WA, United States","Seattle, WA, United States","","Clear"
"Seattle,WA,US","03/11/2019",36.0,51.2,43.4,32.2,68.24,,11.4,24.1,156.09,30.3,0.74,45.83,,8.9,80.8,1013.8,"",47.6036,-122.329,"Seattle, WA, United States","Seattle, WA, United States","","Rain, Overcast"
"Seattle,WA,US","03/12/2019",35.1,46.1,40.9,35.5,81.61,,8.1,,118.1,30.0,0.02,12.5,,9.8,73.5,1016.2,"",47.6036,-122.329,"Seattle, WA, United States","Seattle, WA, United States","","Rain, Partially cloudy"
"Seattle,WA,US","03/13/2019",38.9,52.1,44.9,33.4,65.34,,6.9,,117.89,33.9,0.0,0.0,,9.9,46.0,1028.2,"",47.6036,-122.329,"Seattle, WA, United States","Seattle, WA, United States","","Partially cloudy"
"Seattle,WA,US","03/14/2019",41.0,55.1,48.4,34.0,58.82,,9.2,,97.92,37.8,0.0,0.0,,9.9,70.8,1028.7,"",47.6036,-122.329,"Seattle, WA, United States","Seattle, WA, United States","","Partially cloudy"
"Seattle,WA,US","03/15/2019",42.2,59.0,50.0,36.9,62.3,,9.2,,120.43,,0.0,0.0,,9.9,25.5,1026.0,"",47.6036,-122.329,"Seattle, WA, United States","Seattle, WA, United States","","Partially cloudy"
"Seattle,WA,US","03/16/2019",43.1,60.2,50.7,37.8,62.85,,5.8,,103.81,46.0,0.0,0.0,,9.9,29.1,1025.4,"",47.6036,-122.329,"Seattle, WA, United States","Seattle, WA, United States","","Partially cloudy"
"Seattle,WA,US","03/17/2019",42.2,62.1,51.7,38.7,62.3,,10.3,,162.27,42.5,0.0,0.0,,9.9,1.1,1024.5,"",47.6036,-122.329,"Seattle, WA, United States","Seattle, WA, United States","","Clear"
"Seattle,WA,US","03/18/2019",44.1,73.1,59.4,30.2,36.29,,15.0,19.7,144.78,,0.0,0.0,,9.9,0.0,1019.6,"",47.6036,-122.329,"Seattle, WA, United States","Seattle, WA, United States","","Clear"
"Seattle,WA,US","03/19/2019",52.1,79.1,66.2,24.7,23.56,,18.3,31.6,112.27,,0.0,0.0,,9.9,0.0,1014.5,"",47.6036,-122.329,"Seattle, WA, United States","Seattle, WA, United States","","Clear"
"Seattle,WA,US","03/20/2019",46.1,79.1,61.3,31.3,37.38,,20.8,28.9,192.0,41.6,0.0,0.0,,9.9,6.4,1013.3,"",47.6036,-122.329,"Seattle, WA, United States","Seattle, WA, United States","","Clear"
"Seattle,WA,US","03/21/2019",47.9,60.2,53.0,42.7,68.54,,12.8,,143.26,47.0,0.0,0.0,,9.9,49.9,1016.9,"",47.6036,-122.329,"Seattle, WA, United States","Seattle, WA, United States","","Partially cloudy"
"Seattle,WA,US","03/22/2019",42.9,65.9,53.1,43.2,69.85,,16.1,27.7,125.0,44.9,0.01,4.17,,9.9,46.2,1016.2,"",47.6036,-122.329,"Seattle, WA, United States","Seattle, WA, United States","","Rain, Partially cloudy"
"Seattle,WA,US","03/23/2019",47.0,59.0,52.3,39.6,62.66,,6.9,,66.19,,0.0,0.0,,9.9,46.7,1022.2,"",47.6036,-122.329,"Seattle, WA, United States","Seattle, WA, United States","","Partially cloudy"
"Seattle,WA,US","03/24/2019",45.0,56.0,52.7,41.3,65.41,,8.1,,93.0,43.6,0.0,0.0,,9.9,61.7,1021.2,"",47.6036,-122.329,"Seattle, WA, United States","Seattle, WA, United States","","Partially cloudy"
"Seattle,WA,US","03/25/2019",45.0,57.8,51.0,41.6,71.23,,11.4,18.3,252.31,41.8,0.16,26.67,,9.1,65.6,1013.1,"",47.6036,-122.329,"Seattle, WA, United States","Seattle, WA, United States","","Rain, Partially cloudy"
"Seattle,WA,US","03/26/2019",43.1,57.8,50.1,33.9,55.65,,9.2,,193.68,38.9,0.0,0.0,,9.9,21.5,1016.5,"",47.6036,-122.329,"Seattle, WA, United States","Seattle, WA, United States","","Clear"
"Seattle,WA,US","03/27/2019",45.0,60.2,51.9,35.6,56.07,,13.9,20.8,155.45,43.1,0.0,0.0,,9.9,65.4,1014.3,"",47.6036,-122.329,"Seattle, WA, United States","Seattle, WA, United States","","Partially cloudy"
"Seattle,WA,US","03/28/2019",44.1,64.1,53.7,35.7,53.69,,8.1,,118.57,41.5,0.0,0.0,,9.9,44.8,1021.6,"",47.6036,-122.329,"Seattle, WA, United States","Seattle, WA, United States","","Partially cloudy"
"Seattle,WA,US","03/29/2019",42.2,63.0,52.4,38.5,61.33,,6.9,,135.45,38.9,0.0,0.0,,9.9,30.0,1028.7,"",47.6036,-122.329,"Seattle, WA, United States","Seattle, WA, United States","","Partially cloudy"
"Seattle,WA,US","03/30/2019",43.1,64.1,54.1,39.1,59.25,,9.2,,128.26,47.0,0.0,0.0,,9.9,4.6,1026.9,"",47.6036,-122.329,"Seattle, WA, United States","Seattle, WA, United States","","Clear"
"Seattle,WA,US","03/31/2019",47.0,65.9,55.6,38.9,56.16,,9.2,,147.83,,0.0,0.0,,9.9,9.4,1020.7,"",47.6036,-122.329,"Seattle, WA, United States","Seattle, WA, United States","","Clear"
"Seattle,WA,US","04/01/2019",51.2,66.8,58.0,39.1,50.32,,9.2,,101.5,,0.0,0.0,,9.9,45.7,1013.0,"",47.6036,-122.329,"Seattle, WA, United States","Seattle, WA, United States","","Partially cloudy"
"Seattle,WA,US","04/02/2019",53.1,66.8,58.8,40.8,54.95,,9.2,,190.0,,0.0,0.0,,9.9,81.5,1008.3,"",47.6036,-122.329,"Seattle, WA, United States","Seattle, WA, United States","","Overcast"
"Seattle,WA,US","04/03/2019",44.1,59.0,51.8,41.9,69.2,,16.1,33.3,166.67,42.5,0.01,4.17,,9.9,49.5,1014.2,"",47.6036,-122.329,"Seattle, WA, United States","Seattle, WA, United States","","Rain, Partially cloudy"
"Seattle,WA,US","04/04/2019",50.0,64.1,55.7,42.4,64.27,,8.1,,118.95,,0.18,33.33,,9.7,57.8,1010.0,"",47.6036,-122.329,"Seattle, WA, United States","Seattle, WA, United States","","Rain, Partially cloudy"
"Seattle,WA,US","04/05/2019",44.1,56.9,50.4,42.0,73.08,,19.0,28.9,156.67,41.5,0.3,29.17,,9.0,67.3,1006.8,"",47.6036,-122.329,"Seattle, WA, United States","Seattle, WA, United States","","Rain, Partially cloudy"
"Seattle,WA,US","04/06/2019",45.0,56.9,50.3,40.9,71.33,,16.1,30.5,138.33,42.3,0.44,45.83,,9.4,78.3,1009.5,"",47.6036,-122.329,"Seattle, WA, United States","Seattle, WA, United States","","Rain, Overcast"
"Seattle,WA,US","04/07/2019",47.0,56.0,50.7,42.5,74.21,,8.1,,75.22,46.0,0.01,4.17,,9.6,72.1,1016.7,"",47.6036,-122.329,"Seattle, WA, United States","Seattle, WA, United States","","Rain, Partially cloudy"
"Seattle,WA,US","04/08/2019",47.0,61.1,52.6,46.4,79.83,,6.9,,180.0,44.7,0.24,41.67,,8.4,76.0,1015.2,"",47.6036,-122.329,"Seattle, WA, United States","Seattle, WA, United States","","Rain, Overcast"
"Seattle,WA,US","04/09/2019",47.0,57.8,51.2,40.7,67.5,,10.3,20.8,150.43,42.3,0.0,0.0,,9.9,80.8,1025.7,"",47.6036,-122.329,"Seattle, WA, United States","Seattle, WA, United States","","Overcast"
"Seattle,WA,US","04/10/2019",46.1,54.0,49.2,43.6,81.02,,16.1,26.4,116.09,42.0,0.38,45.83,,7.5,92.8,1022.8,"",47.6036,-122.329,"Seattle, WA, United States","Seattle, WA, United States","","Rain, Overcast"
"Seattle,WA,US","04/11/2019",47.9,55.1,51.2,45.7,81.42,,12.8,21.9,172.61,45.3,0.48,33.33,,7.9,84.1,1015.6,"",47.6036,-122.329,"Seattle, WA, United States","Seattle, WA, United States","","Rain, Overcast"
"Seattle,WA,US","04/12/2019",47.0,59.0,51.7,42.0,70.37,,12.8,,140.5,41.5,0.01,4.17,,9.8,89.1,1016.9,"",47.6036,-122.329,"Seattle, WA, United States","Seattle, WA, United States","","Rain, Overcast"
"Seattle,WA,US","04/13/2019",44.1,52.1,47.4,39.2,73.22,,16.1,27.0,177.62,39.5,0.05,20.83,,9.8,77.3,1012.9,"",47.6036,-122.329,"Seattle, WA, United States","Seattle, WA, United States","","Rain, Overcast"
"Seattle,WA,US","04/14/2019",43.1,51.2,46.4,37.3,70.94,,11.4,19.7,174.58,38.9,0.01,8.33,,9.9,83.1,1012.9,"",47.6036,-122.329,"Seattle, WA, United States","Seattle, WA, United States","","Rain, Overcast"
"Seattle,WA,US","04/15/2019",46.1,56.0,50.8,37.8,62.78,,11.4,,160.43,44.2,0.01,4.17,,9.7,70.0,1009.3,"",47.6036,-122.329,"Seattle, WA, United States","Seattle, WA, United States","","Rain, Partially cloudy"
"Seattle,WA,US","04/16/2019",48.8,56.9,51.8,44.3,75.74,,13.9,17.2,190.91,43.4,0.13,16.67,,9.7,78.2,1019.4,"",47.6036,-122.329,"Seattle, WA, United States","Seattle, WA, United States","","Rain, Overcast"
"Seattle,WA,US","04/17/2019",52.1,62.1,57.1,45.4,65.42,,18.3,23.0,133.64,,0.06,8.33,,9.9,84.0,1025.7,"",47.6036,-122.329,"Seattle, WA, United States","Seattle, WA, United States","","Rain, Overcast"
"Seattle,WA,US","04/18/2019",53.7,63.0,58.3,49.7,73.95,,11.4,,166.88,,0.07,20.83,,9.9,81.3,1019.0,"",47.6036,-122.329,"Seattle, WA, United States","Seattle, WA, United States","","Rain, Overcast"
"Seattle,WA,US","04/19/2019",45.0,56.0,52.4,47.7,84.19,,5.8,,97.5,48.0,0.19,45.83,,9.2,74.2,1015.4,"",47.6036,-122.329,"Seattle, WA, United States","Seattle, WA, United States","","Rain, Partially cloudy"
"Seattle,WA,US","04/20/2019",45.0,60.2,52.5,42.6,69.75,,8.1,,125.0,41.1,0.0,0.0,,9.9,55.3,1020.4,"",47.6036,-122.329,"Seattle, WA, United States","Seattle, WA, United States","","Partially cloudy"
"Seattle,WA,US","04/21/2019",45.0,60.2,53.0,40.7,63.83,,11.4,17.2,181.5,40.6,0.0,0.0,,9.9,44.8,1026.0,"",47.6036,-122.329,"Seattle, WA, United States","Seattle, WA, United States","","Partially cloudy"
"Seattle,WA,US","04/22/2019",50.0,57.8,53.4,46.3,77.69,,12.8,,160.48,,0.14,20.83,,9.0,79.3,1023.4,"",47.6036,-122.329,"Seattle, WA, United States","Seattle, WA, United States","","Rain, Overcast"
"Seattle,WA,US","04/23/2019",47.9,62.1,53.9,42.3,64.89,,10.3,,76.0,47.0,0.0,0.0,,9.9,85.8,1023.9,"",47.6036,-122.329,"Seattle, WA, United States","Seattle, WA, United States","","Overcast"
"Seattle,WA,US","04/24/2019",43.1,60.2,52.3,36.2,56.28,,10.3,,132.5,43.6,0.0,0.0,,9.9,24.2,1025.8,"",47.6036,-122.329,"Seattle, WA, United States","Seattle, WA, United States","","Clear"
"Seattle,WA,US","04/25/2019",46.1,59.0,53.9,39.9,59.36,,12.8,17.2,169.13,42.6,0.0,0.0,,9.9,21.3,1019.6,"",47.6036,-122.329,"Seattle, WA, United States","Seattle, WA, United States","","Clear"
"Seattle,WA,US","04/26/2019",47.0,62.1,53.7,39.3,59.02,,11.4,19.7,154.76,43.1,0.0,0.0,,9.9,63.0,1022.0,"",47.6036,-122.329,"Seattle, WA, United States","Seattle, WA, United States","","Partially cloudy"
"Seattle,WA,US","04/27/2019",36.0,54.0,47.3,31.8,56.88,,10.3,19.7,116.19,31.1,0.0,0.0,,9.9,28.6,1022.7,"",47.6036,-122.329,"Seattle, WA, United States","Seattle, WA, United States","","Partially cloudy"
"Seattle,WA,US","04/28/2019",47.0,60.2,53.1,34.9,51.86,,11.4,19.7,117.65,44.9,0.0,0.0,,9.9,24.7,1023.1,"",47.6036,-122.329,"Seattle, WA, United States","Seattle, WA, United States","","Clear"
"Seattle,WA,US","04/29/2019",42.2,64.1,54.2,33.5,48.47,,12.8,25.3,121.67,,0.0,0.0,,9.9,15.5,1019.4,"",47.6036,-122.329,"Seattle, WA, United States","Seattle, WA, United States","","Clear"
"Seattle,WA,US","04/30/2019",43.1,66.8,56.1,25.7,35.03,,10.3,,130.95,37.8,0.0,0.0,,9.9,20.0,1018.6,"",47.6036,-122.329,"Seattle, WA, United States","Seattle, WA, United States","","Clear"
"Seattle,WA,US","05/01/2019",47.9,64.1,54.0,36.7,54.21,,12.8,20.8,193.48,43.4,0.0,0.0,,9.9,59.8,1018.1,"",47.6036,-122.329,"Seattle, WA, United States","Seattle, WA, United States","","Partially cloudy"
"Seattle,WA,US","05/02/2019",47.9,57.8,53.0,39.4,61.29,,11.4,17.2,139.09,46.0,0.0,0.0,,9.9,80.4,1021.3,"",47.6036,-122.329,"Seattle, WA, United States","Seattle, WA, United States","","Overcast"
"Seattle,WA,US","05/03/2019",47.9,62.1,54.7,41.9,63.26,,8.1,18.3,101.11,,0.0,0.0,,9.9,29.2,1018.6,"",47.6036,-122.329,"Seattle, WA, United States","Seattle, WA, United States","","Partially cloudy"
"Seattle,WA,US","05/04/2019",48.8,66.8,58.4,43.3,59.02,,10.3,16.1,120.48,,0.0,0.0,,9.9,27.6,1014.0,"",47.6036,-122.329,"Seattle, WA, United States","Seattle, WA, United States","","Partially cloudy"
"Seattle,WA,US","05/05/2019",48.8,68.0,59.6,44.3,58.76,,10.3,19.7,163.81,,0.0,0.0,,9.9,3.2,1013.3,"",47.6036,-122.329,"Seattle, WA, United States","Seattle, WA, United States","","Clear"
"Seattle,WA,US","05/06/2019",53.1,74.0,63.6,44.5,51.61,,10.3,,150.95,,0.0,0.0,,9.9,15.2,1015.5,"",47.6036,-122.329,"Seattle, WA, United States","Seattle, WA, United States","","Clear"
"Seattle,WA,US","05/07/2019",50.0,72.0,62.7,44.1,52.93,,9.2,,174.5,,0.0,0.0,,9.9,17.1,1020.2,"",47.6036,-122.329,"Seattle, WA, United States","Seattle, WA, United States","","Clear"
"Seattle,WA,US","05/08/2019",56.0,73.1,64.2,46.3,53.99,,10.3,17.2,185.63,,0.0,0.0,,9.9,29.9,1019.5,"",47.6036,-122.329,"Seattle, WA, United States","Seattle, WA, United States","","Partially cloudy"
"Seattle,WA,US","05/09/2019",54.0,81.0,68.4,42.7,42.77,79.1,12.8,18.3,154.78,,0.0,0.0,,9.9,0.0,1014.3,"",47.6036,-122.329,"Seattle, WA, United States","Seattle, WA, United States","","Clear"
"Seattle,WA,US","05/10/2019",56.0,83.0,70.8,43.8,41.43,80.6,9.2,,126.19,,0.0,0.0,,9.9,0.0,1011.2,"",47.6036,-122.329,"Seattle, WA, United States","Seattle, WA, United States","","Clear"
"Seattle,WA,US","05/11/2019",53.1,82.1,65.1,47.9,58.01,80.5,10.3,,182.22,,0.0,0.0,,9.9,42.8,1012.4,"",47.6036,-122.329,"Seattle, WA, United States","Seattle, WA, United States","","Partially cloudy"
"Seattle,WA,US","05/12/2019",48.8,65.9,56.9,44.8,65.18,,8.1,,172.73,45.8,0.0,0.0,,9.9,45.0,1014.5,"",47.6036,-122.329,"Seattle, WA, United States","Seattle, WA, United States","","Partially cloudy"
"Seattle,WA,US","05/13/2019",53.1,66.8,57.7,43.4,60.56,,10.3,,177.38,,0.0,0.0,,9.8,54.7,1013.6,"",47.6036,-122.329,"Seattle, WA, United States","Seattle, WA, United States","","Partially cloudy"
"Seattle,WA,US","05/14/2019",53.1,61.1,56.3,49.2,77.21,,15.0,,156.25,,0.05,8.33,,9.7,62.7,1014.8,"",47.6036,-122.329,"Seattle, WA, United States","Seattle, WA, United States","","Rain, Partially cloudy"
"Seattle,WA,US","05/15/2019",54.0,66.8,59.3,50.1,73.19,,11.4,17.2,222.61,,0.04,12.5,,9.4,72.5,1003.7,"",47.6036,-122.329,"Seattle, WA, United States","Seattle, WA, United States","","Rain, Partially cloudy"
"Seattle,WA,US","05/16/2019",53.1,63.0,58.1,51.8,79.7,,10.3,19.7,144.71,,0.32,50.0,,8.9,90.0,1003.5,"",47.6036,-122.329,"Seattle, WA, United States","Seattle, WA, United States","","Rain, Overcast"
"Seattle,WA,US","05/17/2019",53.1,64.1,57.4,43.6,61.19,,15.0,23.0,142.17,,0.0,0.0,,9.9,69.0,1013.0,"",47.6036,-122.329,"Seattle, WA, United States","Seattle, WA, United States","","Partially cloudy"
"Seattle,WA,US","05/18/2019",55.1,70.1,63.1,43.4,50.95,,8.1,,145.0,,0.0,0.0,,9.9,53.1,1005.8,"",47.6036,-122.329,"Seattle, WA, United States","Seattle, WA, United States","","Partially cloudy"
"Seattle,WA,US","05/19/2019",56.0,70.1,61.8,48.0,62.03,,9.2,,177.65,,0.0,0.0,,9.9,66.4,1007.3,"",47.6036,-122.329,"Seattle, WA, United States","Seattle, WA, United States","","Partially cloudy"
"Seattle,WA,US","05/20/2019",52.1,57.8,54.3,47.2,76.84,,10.3,,94.09,,0.0,0.0,,9.9,84.0,1007.4,"",47.6036,-122.329,"Seattle, WA, United States","Seattle, WA, United States","","Overcast"
"Seattle,WA,US","05/21/2019",52.1,62.1,57.2,48.0,71.89,,6.9,,78.75,,0.0,0.0,,9.9,73.1,1010.6,"",47.6036,-122.329,"Seattle, WA, United States","Seattle, WA, United States","","Partially cloudy"
"Seattle,WA,US","05/22/2019",54.0,73.1,64.8,50.3,61.64,,11.4,,153.68,,0.0,0.0,,9.6,48.8,1016.0,"",47.6036,-122.329,"Seattle, WA, United States","Seattle, WA, United States","","Partially cloudy"
"Seattle,WA,US","05/23/2019",55.1,77.0,63.8,50.5,63.91,,12.8,19.7,181.58,,0.0,0.0,,9.6,58.7,1012.9,"",47.6036,-122.329,"Seattle, WA, United States","Seattle, WA, United States","","Partially cloudy"
"Seattle,WA,US","05/24/2019",53.1,61.1,56.3,46.1,68.82,,15.0,20.8,196.36,,0.0,0.0,,9.8,86.3,1013.9,"",47.6036,-122.329,"Seattle, WA, United States","Seattle, WA, United States","","Overcast"
"Seattle,WA,US","05/25/2019",53.1,56.0,54.3,48.2,79.82,,13.9,,160.0,,0.23,16.67,,9.5,85.7,1012.1,"",47.6036,-122.329,"Seattle, WA, United States","Seattle, WA, United States","","Rain, Overcast"
"Seattle,WA,US","05/26/2019",55.1,70.1,61.5,50.9,69.39,,8.1,,97.33,,0.0,0.0,,9.9,57.2,1012.2,"",47.6036,-122.329,"Seattle, WA, United States","Seattle, WA, United States","","Partially cloudy"
"Seattle,WA,US","05/27/2019",56.0,78.2,64.6,50.7,62.5,,13.9,18.3,193.18,,0.0,0.0,,9.9,42.4,1016.4,"",47.6036,-122.329,"Seattle, WA, United States","Seattle, WA, United States","","Partially cloudy"
"Seattle,WA,US","05/28/2019",54.0,65.9,59.7,49.3,69.18,,10.3,18.3,173.33,,0.0,0.0,,9.9,65.1,1018.3,"",47.6036,-122.329,"Seattle, WA, United States","Seattle, WA, United States","","Partially cloudy"
"Seattle,WA,US","05/29/2019",55.1,71.1,61.7,50.1,67.0,,6.9,,168.33,,0.0,0.0,,9.7,53.9,1015.7,"",47.6036,-122.329,"Seattle, WA, United States","Seattle, WA, United States","","Partially cloudy"
"Seattle,WA,US","05/30/2019",56.0,74.9,64.1,51.9,66.88,,5.8,,166.0,,0.0,0.0,,8.8,32.4,1016.8,"",47.6036,-122.329,"Seattle, WA, United States","Seattle, WA, United States","","Partially cloudy"
"Seattle,WA,US","05/31/2019",54.0,74.9,63.2,52.3,69.85,,5.8,,179.05,,0.0,0.0,,8.4,31.9,1017.1,"",47.6036,-122.329,"Seattle, WA, United States","Seattle, WA, United States","","Partially cloudy"
"Seattle,WA,US","06/01/2019",55.1,74.0,63.7,50.6,63.91,,8.1,,153.81,,0.0,0.0,,9.1,27.7,1014.7,"",47.6036,-122.329,"Seattle, WA, United States","Seattle, WA, United States","","Partially cloudy"
"Seattle,WA,US","06/02/2019",54.0,74.0,63.4,48.8,60.19,,10.3,17.2,165.5,,0.0,0.0,,9.9,41.6,1014.5,"",47.6036,-122.329,"Seattle, WA, United States","Seattle, WA, United States","","Partially cloudy"
"Seattle,WA,US","06/03/2019",51.9,69.2,59.2,44.7,55.93,,9.2,19.7,101.0,,0.0,0.0,,9.9,59.7,1020.4,"",47.6036,-122.329,"Seattle, WA, United States","Seattle, WA, United States","","Partially cloudy"
"Seattle,WA,US","06/04/2019",55.1,71.1,62.1,41.0,47.13,,11.4,,213.0,,0.0,0.0,,9.9,51.5,1018.7,"",47.6036,-122.329,"Seattle, WA, United States","Seattle, WA, United States","","Partially cloudy"
"Seattle,WA,US","06/05/2019",51.2,66.8,57.7,44.7,62.47,,15.7,18.3,165.0,,0.0,0.0,,9.9,68.1,1016.0,"",47.6036,-122.329,"Seattle, WA, United States","Seattle, WA, United States","","Partially cloudy"
"Seattle,WA,US","06/06/2019",51.2,65.0,56.6,41.9,59.48,,13.9,25.3,187.73,,0.0,0.0,,9.9,77.0,1015.6,"",47.6036,-122.329,"Seattle, WA, United States","Seattle, WA, United States","","Overcast"
"Seattle,WA,US","06/07/2019",52.1,60.2,54.5,45.4,71.99,,13.9,25.3,188.7,,0.0,0.0,,9.6,82.5,1022.2,"",47.6036,-122.329,"Seattle, WA, United States","Seattle, WA, United States","","Overcast"
"Seattle,WA,US","06/08/2019",52.1,69.2,59.8,44.7,59.16,,9.2,,168.13,,0.0,0.0,,9.9,32.0,1029.1,"",47.6036,-122.329,"Seattle, WA, United States","Seattle, WA, United States","","Partially cloudy"
"Seattle,WA,US","06/09/2019",56.0,72.0,62.8,43.5,50.71,,11.4,17.2,200.0,,0.0,0.0,,9.9,15.1,1026.9,"",47.6036,-122.329,"Seattle, WA, United States","Seattle, WA, United States","","Clear"
"Seattle,WA,US","06/10/2019",60.2,77.0,68.0,49.0,53.03,,11.4,17.2,190.0,,0.0,0.0,,9.9,12.2,1025.6,"",47.6036,-122.329,"Seattle, WA, United States","Seattle, WA, United States","","Clear"
"Seattle,WA,US","06/11/2019",65.9,82.1,74.1,52.8,48.13,81.1,11.4,19.7,157.27,,0.0,0.0,,9.9,2.1,1018.8,"",47.6036,-122.329,"Seattle, WA, United States","Seattle, WA, United States","","Clear"
"Seattle,WA,US","06/12/2019",62.1,92.9,77.8,52.8,44.57,89.1,6.9,,217.5,,0.0,0.0,,9.9,19.2,1011.2,"",47.6036,-122.329,"Seattle, WA, United States","Seattle, WA, United States","","Clear"
"Seattle,WA,US","06/13/2019",56.9,80.1,65.8,50.8,60.04,79.9,9.2,,184.74,,0.0,0.0,,9.9,46.8,1014.7,"",47.6036,-122.329,"Seattle, WA, United States","Seattle, WA, United States","","Partially cloudy"
"Seattle,WA,US","06/14/2019",54.0,70.1,61.6,49.3,65.4,,6.9,,144.5,,0.0,0.0,,9.8,57.6,1018.6,"",47.6036,-122.329,"Seattle, WA, United States","Seattle, WA, United States","","Partially cloudy"
"Seattle,WA,US","06/15/2019",56.0,74.0,64.0,50.4,63.22,,6.9,,215.33,,0.0,0.0,,9.6,33.0,1017.7,"",47.6036,-122.329,"Seattle, WA, United States","Seattle, WA, United States","","Partially cloudy"
"Seattle,WA,US","06/16/2019",56.9,75.8,66.0,51.9,62.24,,5.8,,122.67,,0.0,0.0,,9.9,48.2,1017.6,"",47.6036,-122.329,"Seattle, WA, United States","Seattle, WA, United States","","Partially cloudy"
"Seattle,WA,US","06/17/2019",57.8,75.8,66.0,53.7,66.24,,6.9,,167.78,,0.0,0.0,,9.0,79.1,1020.7,"",47.6036,-122.329,"Seattle, WA, United States","Seattle, WA, United States","","Overcast"
"Seattle,WA,US","06/18/2019",55.1,65.0,60.0,50.7,71.39,,9.2,,112.94,,0.0,0.0,,9.6,83.7,1022.8,"",47.6036,-122.329,"Seattle, WA, United States","Seattle, WA, United States","","Overcast"
"Seattle,WA,US","06/19/2019",51.2,69.2,57.7,46.0,67.68,,10.3,19.7,145.24,,0.0,0.0,,9.4,83.3,1020.3,"",47.6036,-122.329,"Seattle, WA, United States","Seattle, WA, United States","","Overcast"
"Seattle,WA,US","06/20/2019",56.0,68.0,60.3,44.5,57.0,,13.9,21.9,154.78,,0.0,0.0,,9.9,86.8,1019.2,"",47.6036,-122.329,"Seattle, WA, United States","Seattle, WA, United States","","Overcast"
"Seattle,WA,US","06/21/2019",56.0,71.1,62.0,47.8,61.07,,9.2,,186.0,,0.0,0.0,,9.9,76.1,1022.4,"",47.6036,-122.329,"Seattle, WA, United States","Seattle, WA, United States","","Overcast"
"Seattle,WA,US","06/22/2019",54.0,65.9,60.2,49.4,68.48,,11.4,17.2,181.09,,0.0,0.0,,9.0,93.0,1022.4,"",47.6036,-122.329,"Seattle, WA, United States","Seattle, WA, United States","","Overcast"
"Seattle,WA,US","06/23/2019",53.1,63.0,57.6,48.5,72.1,,9.2,,116.58,,0.0,0.0,,9.5,88.2,1020.6,"",47.6036,-122.329,"Seattle, WA, United States","Seattle, WA, United States","","Overcast"
"Seattle,WA,US","06/24/2019",53.1,69.2,60.2,46.2,61.63,,6.9,,131.11,,0.0,0.0,,9.8,43.6,1014.8,"",47.6036,-122.329,"Seattle, WA, United States","Seattle, WA, United States","","Partially cloudy"
"Seattle,WA,US","06/25/2019",54.0,74.0,63.9,46.9,57.0,,9.2,,147.22,,0.0,0.0,,9.9,46.4,1011.8,"",47.6036,-122.329,"Seattle, WA, United States","Seattle, WA, United States","","Partially cloudy"
"Seattle,WA,US","06/26/2019",56.9,70.1,63.4,50.0,62.89,,10.3,18.3,150.0,,0.0,0.0,,9.7,62.4,1012.6,"",47.6036,-122.329,"Seattle, WA, United States","Seattle, WA, United States","","Partially cloudy"
"Seattle,WA,US","06/27/2019",56.0,71.1,62.0,48.8,63.72,,11.4,18.3,175.42,,0.0,0.0,,9.9,67.8,1018.4,"",47.6036,-122.329,"Seattle, WA, United States","Seattle, WA, United States","","Partially cloudy"
"Seattle,WA,US","06/28/2019",56.9,72.0,64.5,46.9,54.7,,10.3,,112.78,,0.0,0.0,,9.9,38.5,1019.9,"",47.6036,-122.329,"Seattle, WA, United States","Seattle, WA, United States","","Partially cloudy"
"Seattle,WA,US","06/29/2019",56.9,75.8,66.5,46.7,50.9,,10.3,,123.33,,0.0,0.0,,9.9,23.6,1020.4,"",47.6036,-122.329,"Seattle, WA, United States","Seattle, WA, United States","","Clear"
"Seattle,WA,US","06/30/2019",59.0,79.1,69.9,46.6,45.78,,13.9,,148.42,,0.0,0.0,,9.9,9.0,1018.6,"",47.6036,-122.329,"Seattle, WA, United States","Seattle, WA, United States","","Clear"
"Seattle,WA,US","07/01/2019",60.2,82.1,69.0,49.8,52.68,80.8,11.4,,178.75,,0.0,0.0,,9.9,49.2,1017.6,"",47.6036,-122.329,"Seattle, WA, United States","Seattle, WA, United States","","Partially cloudy"
"Seattle,WA,US","07/02/2019",57.8,61.1,59.0,53.9,83.55,,11.4,,138.1,,0.28,20.83,,8.5,85.5,1018.4,"",47.6036,-122.329,"Seattle, WA, United States","Seattle, WA, United States","","Rain, Overcast"
"Seattle,WA,US","07/03/2019",56.9,69.4,62.7,53.5,72.88,,5.8,,105.5,,0.0,0.0,,9.8,65.3,1017.8,"",47.6036,-122.329,"Seattle, WA, United States","Seattle, WA, United States","","Partially cloudy"
"Seattle,WA,US","07/04/2019",59.0,74.0,64.7,53.3,63.29,,8.1,,178.1,,0.0,0.0,,9.6,61.7,1017.3,"",47.6036,-122.329,"Seattle, WA, United States","Seattle, WA, United States","","Partially cloudy"
"Seattle,WA,US","07/05/2019",59.0,69.2,63.6,52.3,66.72,,11.4,,186.67,,0.0,0.0,,9.9,90.2,1019.3,"",47.6036,-122.329,"Seattle, WA, United States","Seattle, WA, United States","","Overcast"
"Seattle,WA,US","07/06/2019",59.0,73.1,65.6,49.2,56.86,,13.9,,166.84,,0.0,0.0,,9.9,82.2,1018.4,"",47.6036,-122.329,"Seattle, WA, United States","Seattle, WA, United States","","Overcast"
"Seattle,WA,US","07/07/2019",57.8,68.0,62.5,54.1,75.19,,10.3,,155.91,,0.01,4.17,,8.4,92.0,1016.0,"",47.6036,-122.329,"Seattle, WA, United States","Seattle, WA, United States","","Rain, Overcast"
"Seattle,WA,US","07/08/2019",59.0,74.9,66.6,52.5,62.8,,8.1,,79.0,,0.01,4.17,,9.2,35.5,1015.1,"",47.6036,-122.329,"Seattle, WA, United States","Seattle, WA, United States","","Rain, Partially cloudy"
"Seattle,WA,US","07/09/2019",63.0,75.8,67.9,57.1,70.55,,6.9,,123.68,,0.15,25.0,,9.4,65.0,1015.3,"",47.6036,-122.329,"Seattle, WA, United States","Seattle, WA, United States","","Rain, Partially cloudy"
"Seattle,WA,US","07/10/2019",62.1,71.1,65.9,60.1,81.61,,8.1,,150.91,,0.1,29.17,,8.7,75.0,1018.5,"",47.6036,-122.329,"Seattle, WA, United States","Seattle, WA, United States","","Rain, Partially cloudy"
"Seattle,WA,US","07/11/2019",62.1,75.8,68.1,55.1,64.01,,6.9,,131.43,,0.0,0.0,,9.9,64.8,1019.3,"",47.6036,-122.329,"Seattle, WA, United States","Seattle, WA, United States","","Partially cloudy"
"Seattle,WA,US","07/12/2019",64.1,79.1,70.3,53.0,55.91,,9.2,,166.67,,0.0,0.0,,9.9,35.7,1016.1,"",47.6036,-122.329,"Seattle, WA, United States","Seattle, WA, United States","","Partially cloudy"
"Seattle,WA,US","07/13/2019",61.1,79.1,69.3,53.7,58.79,,9.2,,121.82,,0.0,0.0,,9.9,53.1,1016.8,"",47.6036,-122.329,"Seattle, WA, United States","Seattle, WA, United States","","Partially cloudy"
"Seattle,WA,US","07/14/2019",65.0,79.1,70.4,52.6,54.5,,6.9,,143.64,,0.0,0.0,,9.9,48.3,1018.0,"",47.6036,-122.329,"Seattle, WA, United States","Seattle, WA, United States","","Partially cloudy"
"Seattle,WA,US","07/15/2019",63.0,71.1,66.8,56.8,70.53,,8.1,,172.27,,0.04,16.67,,9.9,69.4,1017.5,"",47.6036,-122.329,"Seattle, WA, United States","Seattle, WA, United States","","Rain, Partially cloudy"
"Seattle,WA,US","07/16/2019",63.0,80.1,69.9,54.5,59.75,79.8,10.3,18.3,168.81,,0.0,0.0,,9.9,67.5,1014.2,"",47.6036,-122.329,"Seattle, WA, United States","Seattle, WA, United States","","Partially cloudy"
"Seattle,WA,US","07/17/2019",57.5,72.0,63.6,56.8,79.05,,15.0,23.0,154.55,,0.04,12.5,,8.6,78.3,1013.2,"",47.6036,-122.329,"Seattle, WA, United States","Seattle, WA, United States","","Rain, Overcast"
"Seattle,WA,US","07/18/2019",56.9,74.0,62.2,50.8,67.8,,11.4,,106.15,,0.03,12.5,,9.8,84.5,1017.9,"",47.6036,-122.329,"Seattle, WA, United States","Seattle, WA, United States","","Rain, Overcast"
"Seattle,WA,US","07/19/2019",55.1,71.1,63.4,46.3,55.39,,10.3,,162.78,,0.0,0.0,,9.9,24.0,1020.2,"",47.6036,-122.329,"Seattle, WA, United States","Seattle, WA, United States","","Clear"
"Seattle,WA,US","07/20/2019",57.8,78.2,68.5,48.3,50.57,,11.4,,180.91,,0.0,0.0,,9.9,0.0,1016.7,"",47.6036,-122.329,"Seattle, WA, United States","Seattle, WA, United States","","Clear"
"Seattle,WA,US","07/21/2019",60.2,88.1,73.1,47.2,43.0,84.6,8.1,,198.42,,0.0,0.0,,9.9,1.1,1014.5,"",47.6036,-122.329,"Seattle, WA, United States","Seattle, WA, United States","","Clear"
"Seattle,WA,US","07/22/2019",63.0,83.0,71.0,51.7,53.55,81.1,9.2,,170.0,,0.0,0.0,,9.9,16.3,1017.6,"",47.6036,-122.329,"Seattle, WA, United States","Seattle, WA, United States","","Clear"
"Seattle,WA,US","07/23/2019",60.2,71.1,65.2,52.8,64.74,,10.3,,182.86,,0.0,0.0,,9.9,89.2,1020.5,"",47.6036,-122.329,"Seattle, WA, United States","Seattle, WA, United States","","Overcast"
"Seattle,WA,US","07/24/2019",59.0,77.0,67.7,49.1,52.77,,10.3,,145.79,,0.0,0.0,,9.9,27.0,1023.2,"",47.6036,-122.329,"Seattle, WA, United States","Seattle, WA, United States","","Partially cloudy"
"Seattle,WA,US","07/25/2019",62.1,82.1,72.0,46.1,45.36,80.0,10.3,18.3,175.22,,0.0,0.0,,9.9,0.0,1018.4,"",47.6036,-122.329,"Seattle, WA, United States","Seattle, WA, United States","","Clear"
"Seattle,WA,US","07/26/2019",65.0,87.2,73.6,55.3,55.58,85.1,12.8,20.8,208.89,,0.0,0.0,,9.9,29.1,1018.4,"",47.6036,-122.329,"Seattle, WA, United States","Seattle, WA, United States","","Partially cloudy"
"Seattle,WA,US","07/27/2019",60.2,73.1,66.9,52.7,61.15,,8.1,,60.71,,0.0,0.0,,9.9,52.2,1023.9,"",47.6036,-122.329,"Seattle, WA, United States","Seattle, WA, United States","","Partially cloudy"
"Seattle,WA,US","07/28/2019",60.2,78.2,69.1,51.2,54.54,,11.4,17.2,170.0,,0.0,0.0,,9.9,2.3,1019.5,"",47.6036,-122.329,"Seattle, WA, United States","Seattle, WA, United States","","Clear"
"Seattle,WA,US","07/29/2019",59.0,82.1,69.5,51.4,54.76,81.2,8.1,,195.71,,0.0,0.0,,9.9,29.1,1015.7,"",47.6036,-122.329,"Seattle, WA, United States","Seattle, WA, United States","","Partially cloudy"
"Seattle,WA,US","07/30/2019",59.0,75.8,66.8,50.6,57.45,,6.9,,146.67,,0.0,0.0,,9.9,23.2,1016.9,"",47.6036,-122.329,"Seattle, WA, United States","Seattle, WA, United States","","Clear"
"Seattle,WA,US","07/31/2019",62.1,82.1,71.7,52.6,53.97,81.0,10.3,,157.5,,0.0,0.0,,9.9,25.1,1015.6,"",47.6036,-122.329,"Seattle, WA, United States","Seattle, WA, United States","","Partially cloudy"
"Seattle,WA,US","08/01/2019",64.1,84.8,73.5,56.4,58.17,83.3,10.3,17.2,193.64,,0.2,8.33,,9.5,44.6,1014.5,"",47.6036,-122.329,"Seattle, WA, United States","Seattle, WA, United States","","Rain, Partially cloudy"
"Seattle,WA,US","08/02/2019",62.1,77.0,69.9,56.2,62.08,,12.8,,208.13,,0.0,0.0,,9.9,57.3,1020.0,"",47.6036,-122.329,"Seattle, WA, United States","Seattle, WA, United States","","Partially cloudy"
"Seattle,WA,US","08/03/2019",61.1,79.1,69.8,51.9,54.22,,12.8,19.7,183.91,,0.0,0.0,,9.9,1.1,1018.2,"",47.6036,-122.329,"Seattle, WA, United States","Seattle, WA, United States","","Clear"
"Seattle,WA,US","08/04/2019",64.1,83.0,74.1,53.5,50.01,82.0,12.8,20.8,154.09,,0.0,0.0,,9.9,1.1,1015.8,"",47.6036,-122.329,"Seattle, WA, United States","Seattle, WA, United States","","Clear"
"Seattle,WA,US","08/05/2019",60.2,84.8,72.5,53.4,54.91,82.9,9.2,,200.95,,0.0,0.0,,9.5,15.8,1015.7,"",47.6036,-122.329,"Seattle, WA, United States","Seattle, WA, United States","","Clear"
"Seattle,WA,US","08/06/2019",59.0,81.0,68.4,54.5,64.23,80.6,8.1,,206.32,,0.0,0.0,,9.1,35.0,1014.3,"",47.6036,-122.329,"Seattle, WA, United States","Seattle, WA, United States","","Partially cloudy"
"Seattle,WA,US","08/07/2019",60.2,78.2,66.6,56.0,69.79,,9.2,,161.36,,0.0,0.0,,9.9,49.7,1014.5,"",47.6036,-122.329,"Seattle, WA, United States","Seattle, WA, United States","","Partially cloudy"
"Seattle,WA,US","08/08/2019",63.0,70.1,66.0,54.2,65.78,,9.2,,177.5,,0.0,0.0,,9.9,90.4,1015.4,"",47.6036,-122.329,"Seattle, WA, United States","Seattle, WA, United States","","Overcast"
"Seattle,WA,US","08/09/2019",60.2,74.9,67.5,53.7,62.14,,10.3,17.2,161.9,,0.18,12.5,,9.4,82.9,1014.1,"",47.6036,-122.329,"Seattle, WA, United States","Seattle, WA, United States","","Rain, Overcast"
"Seattle,WA,US","08/10/2019",61.1,74.0,66.4,55.8,69.33,,8.1,,191.88,,0.0,0.0,,9.5,78.9,1015.4,"",47.6036,-122.329,"Seattle, WA, United States","Seattle, WA, United States","","Overcast"
"Seattle,WA,US","08/11/2019",61.1,72.0,66.6,56.0,69.5,,9.2,,173.41,,0.0,0.0,,9.9,52.3,1020.1,"",47.6036,-122.329,"Seattle, WA, United States","Seattle, WA, United States","","Partially cloudy"
"Seattle,WA,US","08/12/2019",62.1,78.2,70.2,52.1,54.77,,6.9,,120.0,,0.0,0.0,,9.9,21.1,1019.4,"",47.6036,-122.329,"Seattle, WA, United States","Seattle, WA, United States","","Clear"
"Seattle,WA,US","08/13/2019",64.1,83.0,73.2,51.9,49.02,81.2,8.1,,144.5,,0.0,0.0,,9.9,32.2,1019.4,"",47.6036,-122.329,"Seattle, WA, United States","Seattle, WA, United States","","Partially cloudy"
"Seattle,WA,US","08/14/2019",62.1,83.0,72.2,53.3,53.87,81.3,9.2,,153.53,,0.0,0.0,,9.9,40.7,1021.5,"",47.6036,-122.329,"Seattle, WA, United States","Seattle, WA, United States","","Partially cloudy"
"Seattle,WA,US","08/15/2019",61.1,80.1,69.3,55.2,62.43,79.6,9.2,,173.44,,0.0,0.0,,9.9,61.5,1020.8,"",47.6036,-122.329,"Seattle, WA, United States","Seattle, WA, United States","","Partially cloudy"
"Seattle,WA,US","08/16/2019",61.1,69.6,65.2,53.6,66.31,,10.3,,167.95,,0.0,0.0,,9.9,88.5,1017.7,"",47.6036,-122.329,"Seattle, WA, United States","Seattle, WA, United States","","Overcast"
"Seattle,WA,US","08/17/2019",60.2,74.0,66.9,53.9,64.02,,6.9,,147.73,,0.0,0.0,,9.9,74.1,1013.7,"",47.6036,-122.329,"Seattle, WA, United States","Seattle, WA, United States","","Partially cloudy"
"Seattle,WA,US","08/18/2019",62.1,75.8,67.9,53.3,60.28,,6.9,,130.91,,0.0,0.0,,9.9,63.6,1012.3,"",47.6036,-122.329,"Seattle, WA, United States","Seattle, WA, United States","","Partially cloudy"
"Seattle,WA,US","08/19/2019",57.8,74.9,66.2,51.7,60.75,,9.2,,137.73,,0.0,0.0,,9.9,31.9,1015.1,"",47.6036,-122.329,"Seattle, WA, United States","Seattle, WA, United States","","Partially cloudy"
"Seattle,WA,US","08/20/2019",61.1,81.0,70.1,54.2,59.16,80.9,10.3,,155.5,,0.03,8.33,,9.8,50.9,1014.3,"",47.6036,-122.329,"Seattle, WA, United States","Seattle, WA, United States","","Rain, Partially cloudy"
"Seattle,WA,US","08/21/2019",57.8,69.2,63.2,57.0,80.49,,9.2,,149.5,,0.07,8.33,,8.9,80.4,1016.0,"",47.6036,-122.329,"Seattle, WA, United States","Seattle, WA, United States","","Rain, Overcast"
"Seattle,WA,US","08/22/2019",56.0,72.0,63.3,52.7,69.92,,5.8,,135.24,,0.0,0.0,,9.8,42.9,1017.4,"",47.6036,-122.329,"Seattle, WA, United States","Seattle, WA, United States","","Partially cloudy"
"Seattle,WA,US","08/23/2019",60.2,73.1,65.6,51.7,61.49,,10.3,19.7,150.0,,0.0,0.0,,9.9,76.9,1013.9,"",47.6036,-122.329,"Seattle, WA, United States","Seattle, WA, United States","","Overcast"
"Seattle,WA,US","08/24/2019",62.1,77.0,67.4,51.7,57.58,,8.1,,124.29,,0.0,0.0,,9.9,69.4,1016.8,"",47.6036,-122.329,"Seattle, WA, United States","Seattle, WA, United States","","Partially cloudy"
"Seattle,WA,US","08/25/2019",57.8,74.0,66.1,50.5,58.73,,6.9,,113.89,,0.0,0.0,,9.9,27.2,1022.6,"",47.6036,-122.329,"Seattle, WA, United States","Seattle, WA, United States","","Partially cloudy"
"Seattle,WA,US","08/26/2019",62.1,77.0,68.2,49.6,53.14,,12.8,19.7,174.0,,0.0,0.0,,9.9,0.0,1020.6,"",47.6036,-122.329,"Seattle, WA, United States","Seattle, WA, United States","","Clear"
"Seattle,WA,US","08/27/2019",62.1,81.0,72.3,53.3,52.69,80.4,10.3,16.1,158.89,,0.0,0.0,,9.9,2.3,1013.3,"",47.6036,-122.329,"Seattle, WA, United States","Seattle, WA, United States","","Clear"
"Seattle,WA,US","08/28/2019",61.1,87.2,74.0,54.2,53.02,84.7,9.2,,160.0,,0.0,0.0,,9.9,17.9,1011.7,"",47.6036,-122.329,"Seattle, WA, United States","Seattle, WA, United States","","Clear"
"Seattle,WA,US","08/29/2019",64.1,79.1,68.3,58.4,71.92,,11.4,18.3,167.5,,0.02,4.17,,9.9,59.8,1016.0,"",47.6036,-122.329,"Seattle, WA, United States","Seattle, WA, United States","","Rain, Partially cloudy"
"Seattle,WA,US","08/30/2019",64.1,78.2,70.1,55.3,61.07,,11.4,,134.55,,0.0,0.0,,9.9,75.2,1016.4,"",47.6036,-122.329,"Seattle, WA, United States","Seattle, WA, United States","","Overcast"
"Seattle,WA,US","08/31/2019",65.0,77.0,70.7,57.0,62.53,,9.2,,165.0,,0.01,4.17,,9.9,78.9,1014.7,"",47.6036,-122.329,"Seattle, WA, United States","Seattle, WA, United States","","Rain, Overcast"
"Seattle,WA,US","09/01/2019",61.1,80.1,69.6,55.8,63.16,80.0,12.8,,126.5,,0.0,0.0,,9.9,25.1,1016.4,"",47.6036,-122.329,"Seattle, WA, United States","Seattle, WA, United States","","Partially cloudy"
"Seattle,WA,US","09/02/2019",60.2,77.0,68.2,56.1,66.7,,11.4,19.7,202.17,,0.0,0.0,,9.9,15.1,1017.1,"",47.6036,-122.329,"Seattle, WA, United States","Seattle, WA, United States","","Clear"
"Seattle,WA,US","09/03/2019",61.1,81.0,69.5,55.5,62.83,80.7,9.2,,143.16,,0.0,0.0,,9.9,43.6,1016.8,"",47.6036,-122.329,"Seattle, WA, United States","Seattle, WA, United States","","Partially cloudy"
"Seattle,WA,US","09/04/2019",60.2,74.9,66.6,54.8,66.81,,6.9,,160.53,,0.0,0.0,,9.9,26.1,1017.0,"",47.6036,-122.329,"Seattle, WA, United States","Seattle, WA, United States","","Partially cloudy"
"Seattle,WA,US","09/05/2019",62.1,77.0,70.0,55.9,62.13,,10.3,,190.95,,0.0,0.0,,9.9,44.1,1015.0,"",47.6036,-122.329,"Seattle, WA, United States","Seattle, WA, United States","","Partially cloudy"
"Seattle,WA,US","09/06/2019",63.0,78.2,68.8,56.3,65.16,,12.8,,183.64,,0.0,0.0,,9.9,61.5,1018.6,"",47.6036,-122.329,"Seattle, WA, United States","Seattle, WA, United States","","Partially cloudy"
"Seattle,WA,US","09/07/2019",60.2,68.0,63.7,56.5,77.89,,11.4,,199.09,,0.41,8.33,,8.5,87.0,1014.8,"",47.6036,-122.329,"Seattle, WA, United States","Seattle, WA, United States","","Rain, Overcast"
"Seattle,WA,US","09/08/2019",61.1,72.0,64.3,56.8,77.42,,10.3,,174.09,,0.01,4.17,,9.2,77.8,1011.3,"",47.6036,-122.329,"Seattle, WA, United States","Seattle, WA, United States","","Rain, Overcast"
"Seattle,WA,US","09/09/2019",60.2,67.0,62.3,56.6,81.57,,10.3,19.7,145.43,,0.06,16.67,,9.3,83.5,1012.0,"",47.6036,-122.329,"Seattle, WA, United States","Seattle, WA, United States","","Rain, Overcast"
"Seattle,WA,US","09/10/2019",56.9,71.1,63.9,54.3,72.27,,9.2,,122.63,,0.0,0.0,,9.9,54.8,1016.0,"",47.6036,-122.329,"Seattle, WA, United States","Seattle, WA, United States","","Partially cloudy"
"Seattle,WA,US","09/11/2019",59.0,73.1,65.7,52.8,64.36,,9.2,,131.0,,0.0,0.0,,9.9,30.4,1021.3,"",47.6036,-122.329,"Seattle, WA, United States","Seattle, WA, United States","","Partially cloudy"
"Seattle,WA,US","09/12/2019",62.1,78.2,68.4,54.4,64.6,,12.8,18.3,177.0,,0.14,12.5,,9.8,68.4,1018.3,"",47.6036,-122.329,"Seattle, WA, United States","Seattle, WA, United States","","Rain, Partially cloudy"
"Seattle,WA,US","09/13/2019",62.1,71.1,66.0,56.0,70.67,,12.8,21.9,179.09,,0.0,0.0,,9.9,83.6,1018.8,"",47.6036,-122.329,"Seattle, WA, United States","Seattle, WA, United States","","Overcast"
"Seattle,WA,US","09/14/2019",59.0,68.0,63.3,55.5,76.52,,11.4,,165.42,,0.06,8.33,,8.8,80.3,1010.9,"",47.6036,-122.329,"Seattle, WA, United States","Seattle, WA, United States","","Rain, Overcast"
"Seattle,WA,US","09/15/2019",52.1,62.1,58.4,53.7,84.76,,11.4,18.3,130.83,,0.02,4.17,,8.7,64.0,1007.9,"",47.6036,-122.329,"Seattle, WA, United States","Seattle, WA, United States","","Rain, Partially cloudy"
"Seattle,WA,US","09/16/2019",54.6,68.0,60.1,51.2,73.81,,12.8,,152.14,,0.0,0.0,,9.7,60.7,1009.8,"",47.6036,-122.329,"Seattle, WA, United States","Seattle, WA, United States","","Partially cloudy"
"Seattle,WA,US","09/17/2019",56.0,62.1,58.4,54.0,85.66,,11.4,,110.45,,0.19,29.17,,9.1,79.6,1007.5,"",47.6036,-122.329,"Seattle, WA, United States","Seattle, WA, United States","","Rain, Overcast"
"Seattle,WA,US","09/18/2019",53.1,66.8,59.6,51.6,75.78,,9.2,,128.26,,0.0,0.0,,9.9,42.8,1014.5,"",47.6036,-122.329,"Seattle, WA, United States","Seattle, WA, United States","","Partially cloudy"
"Seattle,WA,US","09/19/2019",56.9,70.1,63.0,53.8,73.15,,8.1,,158.64,,0.0,0.0,,9.9,74.5,1018.0,"",47.6036,-122.329,"Seattle, WA, United States","Seattle, WA, United States","","Partially cloudy"
"Seattle,WA,US","09/20/2019",57.8,66.8,62.7,54.1,74.13,,6.9,,84.29,,0.0,0.0,,9.9,66.6,1020.1,"",47.6036,-122.329,"Seattle, WA, United States","Seattle, WA, United States","","Partially cloudy"
"Seattle,WA,US","09/21/2019",60.2,68.0,64.0,54.9,72.89,,6.9,,114.44,,0.0,0.0,,9.9,83.7,1015.3,"",47.6036,-122.329,"Seattle, WA, United States","Seattle, WA, United States","","Overcast"
"Seattle,WA,US","09/22/2019",56.0,65.0,60.6,55.7,83.82,,10.3,,160.42,,0.01,4.17,,8.2,81.3,1014.4,"",47.6036,-122.329,"Seattle, WA, United States","Seattle, WA, United States","","Rain, Overcast"
"Seattle,WA,US","09/23/2019",59.0,62.1,60.5,53.1,76.62,,15.0,25.3,170.0,,0.01,4.17,,9.5,83.4,1022.2,"",47.6036,-122.329,"Seattle, WA, United States","Seattle, WA, United States","","Rain, Overcast"
"Seattle,WA,US","09/24/2019",55.1,70.1,62.5,51.7,68.78,,6.9,,86.32,,0.0,0.0,,9.9,59.4,1024.8,"",47.6036,-122.329,"Seattle, WA, United States","Seattle, WA, United States","","Partially cloudy"
"Seattle,WA,US","09/25/2019",59.0,68.0,63.3,49.8,62.25,,21.9,33.9,180.63,,0.0,0.0,,9.6,61.0,1019.4,"",47.6036,-122.329,"Seattle, WA, United States","Seattle, WA, United States","","Partially cloudy"
"Seattle,WA,US","09/26/2019",53.1,68.0,61.3,52.6,74.29,,8.1,,166.75,,0.05,12.5,,8.1,89.1,1014.4,"",47.6036,-122.329,"Seattle, WA, United States","Seattle, WA, United States","","Rain, Overcast"
"Seattle,WA,US","09/27/2019",47.9,64.1,53.3,44.3,72.68,,10.3,27.7,103.7,44.7,0.0,0.0,,9.8,72.2,1010.7,"",47.6036,-122.329,"Seattle, WA, United States","Seattle, WA, United States","","Partially cloudy"
"Seattle,WA,US","09/28/2019",47.0,60.2,52.5,40.5,65.37,,11.4,18.3,145.71,47.0,0.04,4.17,,9.9,75.5,1011.0,"",47.6036,-122.329,"Seattle, WA, United States","Seattle, WA, United States","","Rain, Overcast"
"Seattle,WA,US","09/29/2019",41.0,56.0,48.6,39.1,70.46,,5.8,,69.41,39.1,0.0,0.0,,9.9,33.0,1015.5,"",47.6036,-122.329,"Seattle, WA, United States","Seattle, WA, United States","","Partially cloudy"
"Seattle,WA,US","09/30/2019",38.9,59.0,50.0,33.2,55.69,,9.2,,96.84,33.9,0.0,0.0,,9.9,13.3,1020.9,"",47.6036,-122.329,"Seattle, WA, United States","Seattle, WA, United States","","Clear"
"Seattle,WA,US","10/01/2019",42.2,62.1,51.5,35.6,57.93,,6.9,,130.43,39.2,0.0,0.0,,9.9,1.1,1020.6,"",47.6036,-122.329,"Seattle, WA, United States","Seattle, WA, United States","","Clear"
"Seattle,WA,US","10/02/2019",47.0,64.1,57.4,40.2,54.57,,11.4,,123.33,44.9,0.0,0.0,,9.9,71.5,1015.5,"",47.6036,-122.329,"Seattle, WA, United States","Seattle, WA, United States","","Partially cloudy"
"Seattle,WA,US","10/03/2019",50.0,62.1,54.5,45.7,73.35,,13.9,18.3,164.35,,0.02,4.17,,9.8,70.3,1016.4,"",47.6036,-122.329,"Seattle, WA, United States","Seattle, WA, United States","","Rain, Partially cloudy"
"Seattle,WA,US","10/04/2019",48.8,61.1,55.4,46.6,73.13,,15.0,24.2,158.33,45.8,0.0,0.0,,9.9,66.7,1023.6,"",47.6036,-122.329,"Seattle, WA, United States","Seattle, WA, United States","","Partially cloudy"
"Seattle,WA,US","10/05/2019",44.1,63.0,54.3,45.5,73.39,,8.1,,79.0,,0.0,0.0,,9.5,29.5,1028.8,"",47.6036,-122.329,"Seattle, WA, United States","Seattle, WA, United States","","Partially cloudy"
"Seattle,WA,US","10/06/2019",47.0,62.1,54.6,45.2,71.69,,12.8,,170.91,46.4,0.0,0.0,,9.6,32.0,1022.2,"",47.6036,-122.329,"Seattle, WA, United States","Seattle, WA, United States","","Partially cloudy"
"Seattle,WA,US","10/07/2019",47.9,64.1,57.2,48.9,73.88,,19.7,29.9,142.95,44.7,0.0,0.0,,9.9,83.5,1012.2,"",47.6036,-122.329,"Seattle, WA, United States","Seattle, WA, United States","","Overcast"
"Seattle,WA,US","10/08/2019",37.1,52.1,45.3,38.8,78.23,,8.6,,77.61,33.4,0.24,25.0,,9.1,52.4,1018.6,"",47.6036,-122.329,"Seattle, WA, United States","Seattle, WA, United States","","Rain, Partially cloudy"
"Seattle,WA,US","10/09/2019",36.0,52.1,44.1,30.8,62.05,,8.1,,127.37,32.0,0.0,0.0,,9.9,20.7,1030.6,"",47.6036,-122.329,"Seattle, WA, United States","Seattle, WA, United States","","Clear"
"Seattle,WA,US","10/10/2019",39.8,56.0,47.6,34.6,62.37,,8.1,20.8,105.24,46.0,0.0,0.0,,9.7,8.3,1027.1,"",47.6036,-122.329,"Seattle, WA, United States","Seattle, WA, United States","","Clear"
"Seattle,WA,US","10/11/2019",43.1,62.1,51.2,35.6,57.11,,9.2,,100.45,,0.0,0.0,,9.9,6.0,1018.4,"",47.6036,-122.329,"Seattle, WA, United States","Seattle, WA, United States","","Clear"
"Seattle,WA,US","10/12/2019",47.9,57.8,53.6,42.3,66.41,,6.9,,142.08,,0.0,0.0,,9.9,95.1,1014.5,"",47.6036,-122.329,"Seattle, WA, United States","Seattle, WA, United States","","Overcast"
"Seattle,WA,US","10/13/2019",45.6,59.0,52.2,44.5,76.07,,6.9,,48.48,43.6,0.0,0.0,,9.9,71.1,1016.4,"",47.6036,-122.329,"Seattle, WA, United States","Seattle, WA, United States","","Partially cloudy"
"Seattle,WA,US","10/14/2019",46.1,61.1,52.7,43.9,73.46,,8.1,,106.19,42.0,0.0,0.0,,9.9,34.1,1017.4,"",47.6036,-122.329,"Seattle, WA, United States","Seattle, WA, United States","","Partially cloudy"
"Seattle,WA,US","10/15/2019",47.9,60.2,55.4,45.2,69.26,,11.4,,138.75,44.7,0.05,8.33,,9.7,79.7,1013.2,"",47.6036,-122.329,"Seattle, WA, United States","Seattle, WA, United States","","Rain, Overcast"
"Seattle,WA,US","10/16/2019",50.0,59.0,54.7,49.5,82.57,,12.8,18.3,169.57,,0.18,12.5,,9.5,74.1,1005.6,"",47.6036,-122.329,"Seattle, WA, United States","Seattle, WA, United States","","Rain, Partially cloudy"
"Seattle,WA,US","10/17/2019",48.8,57.8,53.5,46.5,77.1,,17.2,28.2,177.39,43.4,0.08,20.83,,9.7,67.7,1007.2,"",47.6036,-122.329,"Seattle, WA, United States","Seattle, WA, United States","","Rain, Partially cloudy"
"Seattle,WA,US","10/18/2019",46.1,52.1,49.9,45.9,86.22,,16.1,23.0,127.08,43.8,0.72,33.33,,8.3,68.8,1008.9,"",47.6036,-122.329,"Seattle, WA, United States","Seattle, WA, United States","","Rain, Partially cloudy"
"Seattle,WA,US","10/19/2019",45.0,53.1,48.5,43.7,83.33,,9.2,,133.04,40.1,0.02,4.17,,9.2,61.1,1013.5,"",47.6036,-122.329,"Seattle, WA, United States","Seattle, WA, United States","","Rain, Partially cloudy"
"Seattle,WA,US","10/20/2019",47.9,54.0,52.1,46.6,81.43,,13.9,,153.86,45.3,0.06,8.33,,8.0,75.1,1017.1,"",47.6036,-122.329,"Seattle, WA, United States","Seattle, WA, United States","","Rain, Overcast"
"Seattle,WA,US","10/21/2019",53.5,60.2,57.3,53.1,85.72,,17.2,26.4,154.55,,0.04,8.7,,7.5,66.9,1021.1,"",47.6036,-122.329,"Seattle, WA, United States","Seattle, WA, United States","","Rain, Partially cloudy"
"Seattle,WA,US","10/22/2019",44.1,56.9,51.6,46.8,83.93,,6.9,,9.09,,0.0,0.0,,8.6,48.3,1030.5,"",47.6036,-122.329,"Seattle, WA, United States","Seattle, WA, United States","","Partially cloudy"
"Seattle,WA,US","10/23/2019",45.0,56.9,50.2,44.3,81.06,,9.2,,136.0,44.2,0.0,0.0,,8.2,44.9,1031.5,"",47.6036,-122.329,"Seattle, WA, United States","Seattle, WA, United States","","Partially cloudy"
"Seattle,WA,US","10/24/2019",46.1,60.2,54.0,46.5,76.67,,11.4,,123.48,42.0,0.0,0.0,,9.9,69.7,1025.1,"",47.6036,-122.329,"Seattle, WA, United States","Seattle, WA, United States","","Partially cloudy"
"Seattle,WA,US","10/25/2019",43.1,57.8,49.6,46.2,88.36,,13.9,25.8,135.26,41.5,0.1,20.83,,8.6,65.4,1023.6,"",47.6036,-122.329,"Seattle, WA, United States","Seattle, WA, United States","","Rain, Partially cloudy"
"Seattle,WA,US","10/26/2019",35.1,55.1,46.9,37.8,72.21,,11.4,23.0,204.0,33.6,0.0,0.0,,9.2,35.8,1030.2,"",47.6036,-122.329,"Seattle, WA, United States","Seattle, WA, United States","","Partially cloudy"
"Seattle,WA,US","10/27/2019",33.2,56.0,42.7,33.0,72.04,,8.1,,116.36,27.8,0.0,0.0,,9.1,9.5,1028.8,"",47.6036,-122.329,"Seattle, WA, United States","Seattle, WA, United States","","Clear"
"Seattle,WA,US","10/28/2019",35.1,52.1,43.5,29.9,61.25,,9.2,,155.65,31.6,0.0,0.0,,9.9,5.0,1026.0,"",47.6036,-122.329,"Seattle, WA, United States","Seattle, WA, United States","","Clear"
"Seattle,WA,US","10/29/2019",29.9,50.0,39.8,13.1,38.65,,10.3,,35.45,31.7,0.0,0.0,,9.9,5.3,1031.6,"",47.6036,-122.329,"Seattle, WA, United States","Seattle, WA, United States","","Clear"
"Seattle,WA,US","10/30/2019",33.2,51.2,42.0,26.7,57.69,,9.2,,123.81,27.8,0.0,0.0,,9.9,9.0,1027.8,"",47.6036,-122.329,"Seattle, WA, United States","Seattle, WA, United States","","Clear"
"Seattle,WA,US","10/31/2019",35.1,53.1,44.1,31.6,62.61,,5.8,,88.7,30.0,0.0,0.0,,9.9,20.4,1029.7,"",47.6036,-122.329,"Seattle, WA, United States","Seattle, WA, United States","","Clear"
"Seattle,WA,US","11/01/2019",38.0,55.1,46.8,38.1,72.68,,8.1,,131.76,43.6,0.0,0.0,,9.6,10.2,1029.5,"",47.6036,-122.329,"Seattle, WA, United States","Seattle, WA, United States","","Clear"
"Seattle,WA,US","11/02/2019",35.1,56.0,46.2,37.4,73.21,,6.9,,111.82,31.1,0.0,0.0,,9.7,2.1,1024.4,"",47.6036,-122.329,"Seattle, WA, United States","Seattle, WA, United States","","Clear"
"Seattle,WA,US","11/03/2019",41.0,56.0,47.9,41.6,79.35,,8.1,,87.83,39.2,0.0,0.0,,8.8,26.4,1023.2,"",47.6036,-122.329,"Seattle, WA, United States","Seattle, WA, United States","","Partially cloudy"
"Seattle,WA,US","11/04/2019",41.0,56.0,47.8,42.3,82.2,,5.8,,71.5,39.5,0.0,0.0,,6.8,44.4,1023.1,"",47.6036,-122.329,"Seattle, WA, United States","Seattle, WA, United States","","Partially cloudy"
"Seattle,WA,US","11/05/2019",42.2,56.0,48.8,43.2,81.36,,8.1,,72.22,40.4,0.0,0.0,,8.0,48.1,1023.0,"",47.6036,-122.329,"Seattle, WA, United States","Seattle, WA, United States","","Partially cloudy"
"Seattle,WA,US","11/06/2019",37.1,55.1,46.0,40.7,82.78,,8.1,,86.09,32.5,0.0,0.0,,7.2,37.3,1024.5,"",47.6036,-122.329,"Seattle, WA, United States","Seattle, WA, United States","","Partially cloudy"
"Seattle,WA,US","11/07/2019",37.1,56.0,45.2,39.8,82.58,,8.1,,114.35,31.1,0.0,0.0,,6.9,32.3,1022.0,"",47.6036,-122.329,"Seattle, WA, United States","Seattle, WA, United States","","Partially cloudy"
"Seattle,WA,US","11/08/2019",41.0,60.2,50.5,43.3,77.95,,10.3,,150.0,35.5,0.01,4.17,,9.0,65.0,1022.0,"",47.6036,-122.329,"Seattle, WA, United States","Seattle, WA, United States","","Rain, Partially cloudy"
"Seattle,WA,US","11/09/2019",48.8,53.1,51.4,49.2,92.28,,8.1,,93.13,48.0,0.0,0.0,,3.1,91.8,1023.5,"",47.6036,-122.329,"Seattle, WA, United States","Seattle, WA, United States","","Overcast"
"Seattle,WA,US","11/10/2019",46.1,54.0,50.7,47.4,88.25,,5.8,,190.68,48.0,0.0,0.0,,6.0,86.7,1026.6,"",47.6036,-122.329,"Seattle, WA, United States","Seattle, WA, United States","","Overcast"
"Seattle,WA,US","11/11/2019",47.9,59.0,51.6,44.1,76.29,,6.9,,110.91,47.0,0.07,16.67,,9.1,80.7,1021.0,"",47.6036,-122.329,"Seattle, WA, United States","Seattle, WA, United States","","Rain, Overcast"
"Seattle,WA,US","11/12/2019",47.9,52.1,51.3,47.6,87.28,,8.1,,107.92,46.4,0.0,0.0,,7.9,82.5,1021.2,"",47.6036,-122.329,"Seattle, WA, United States","Seattle, WA, United States","","Overcast"
"Seattle,WA,US","11/13/2019",45.0,56.0,50.1,45.6,84.78,,9.2,,76.5,46.0,0.0,0.0,,7.0,65.2,1018.0,"",47.6036,-122.329,"Seattle, WA, United States","Seattle, WA, United States","","Partially cloudy"
"Seattle,WA,US","11/14/2019",47.9,55.6,51.3,45.1,79.57,,11.4,,120.43,43.8,0.08,8.33,,8.5,69.5,1015.3,"",47.6036,-122.329,"Seattle, WA, United States","Seattle, WA, United States","","Rain, Partially cloudy"
"Seattle,WA,US","11/15/2019",48.8,57.8,53.4,47.8,81.51,,16.1,26.4,167.73,46.4,0.0,0.0,,9.9,84.0,1022.8,"",47.6036,-122.329,"Seattle, WA, United States","Seattle, WA, United States","","Overcast"
"Seattle,WA,US","11/16/2019",50.0,53.1,52.4,47.0,81.68,,11.4,,145.0,,0.0,0.0,,9.9,89.4,1022.6,"",47.6036,-122.329,"Seattle, WA, United States","Seattle, WA, United States","","Overcast"
"Seattle,WA,US","11/17/2019",50.0,57.8,53.9,50.6,88.77,,15.0,23.0,81.0,,0.03,4.17,,7.5,84.7,1020.3,"",47.6036,-122.329,"Seattle, WA, United States","Seattle, WA, United States","","Rain, Overcast"
"Seattle,WA,US","11/18/2019",48.8,52.1,50.8,47.2,87.41,,10.3,,126.19,45.8,0.14,29.17,,6.9,79.5,1007.1,"",47.6036,-122.329,"Seattle, WA, United States","Seattle, WA, United States","","Rain, Overcast"
"Seattle,WA,US","11/19/2019",39.8,51.2,46.7,40.9,80.36,,10.3,17.2,123.33,39.1,0.0,0.0,,9.7,51.0,1016.3,"",47.6036,-122.329,"Seattle, WA, United States","Seattle, WA, United States","","Partially cloudy"
"Seattle,WA,US","11/20/2019",37.1,50.0,43.3,37.3,80.1,,6.9,,76.09,34.7,0.0,0.0,,7.4,33.9,1018.9,"",47.6036,-122.329,"Seattle, WA, United States","Seattle, WA, United States","","Partially cloudy"
"Seattle,WA,US","11/21/2019",32.0,46.1,39.0,35.9,88.95,,10.3,,91.25,29.8,0.0,0.0,,5.1,34.9,1018.8,"",47.6036,-122.329,"Seattle, WA, United States","Seattle, WA, United States","","Partially cloudy"
"Seattle,WA,US","11/22/2019",34.1,45.0,39.4,36.0,87.91,,8.1,,84.55,28.8,0.0,0.0,,4.2,70.1,1026.9,"",47.6036,-122.329,"Seattle, WA, United States","Seattle, WA, United States","","Partially cloudy"
"Seattle,WA,US","11/23/2019",38.0,53.1,49.1,41.5,75.88,,17.2,28.7,159.17,31.1,0.0,0.0,,9.1,80.2,1023.0,"",47.6036,-122.329,"Seattle, WA, United States","Seattle, WA, United States","","Overcast"
"Seattle,WA,US","11/24/2019",43.1,52.1,47.1,40.7,78.81,,10.3,,120.43,38.9,0.04,12.5,,9.6,60.9,1022.4,"",47.6036,-122.329,"Seattle, WA, United States","Seattle, WA, United States","","Rain, Partially cloudy"
"Seattle,WA,US","11/25/2019",36.0,46.1,40.8,36.4,84.28,,8.1,,113.64,31.1,0.04,4.17,,9.9,60.8,1018.3,"",47.6036,-122.329,"Seattle, WA, United States","Seattle, WA, United States","","Rain, Partially cloudy"
"Seattle,WA,US","11/26/2019",39.8,46.1,42.3,25.9,53.06,,6.9,,173.13,36.4,0.0,0.0,,9.8,30.4,1002.8,"",47.6036,-122.329,"Seattle, WA, United States","Seattle, WA, United States","","Partially cloudy"
"Seattle,WA,US","11/27/2019",29.9,47.9,40.1,20.3,47.01,,10.3,20.8,160.95,27.5,0.0,0.0,,9.9,41.0,1005.8,"",47.6036,-122.329,"Seattle, WA, United States","Seattle, WA, United States","","Partially cloudy"
"Seattle,WA,US","11/28/2019",28.1,46.1,37.3,22.2,55.88,,8.1,,63.5,30.2,0.0,0.0,,9.9,3.4,1012.5,"",47.6036,-122.329,"Seattle, WA, United States","Seattle, WA, United States","","Clear"
"Seattle,WA,US","11/29/2019",24.2,43.1,33.0,22.7,67.47,,8.1,,65.65,19.9,0.0,0.0,,9.9,1.1,1014.0,"",47.6036,-122.329,"Seattle, WA, United States","Seattle, WA, United States","","Clear"
"Seattle,WA,US","11/30/2019",29.9,47.0,38.5,24.1,57.64,,16.1,19.7,89.57,28.8,0.0,0.0,,9.9,33.6,1015.2,"",47.6036,-122.329,"Seattle, WA, United States","Seattle, WA, United States","","Partially cloudy"
"Seattle,WA,US","12/01/2019",38.0,45.0,42.5,33.9,71.76,,8.1,,79.13,34.4,0.01,4.17,,9.9,96.3,1016.2,"",47.6036,-122.329,"Seattle, WA, United States","Seattle, WA, United States","","Rain, Overcast"
"Seattle,WA,US","12/02/2019",41.0,52.1,46.8,39.2,75.27,,10.3,,67.5,40.6,0.0,0.0,,9.9,66.8,1020.7,"",47.6036,-122.329,"Seattle, WA, United States","Seattle, WA, United States","","Partially cloudy"
"Seattle,WA,US","12/03/2019",47.9,55.1,50.8,41.8,71.57,,12.8,19.7,148.33,43.4,0.0,0.0,,9.9,89.0,1016.1,"",47.6036,-122.329,"Seattle, WA, United States","Seattle, WA, United States","","Overcast"
"Seattle,WA,US","12/04/2019",46.1,51.2,48.5,43.9,84.31,,6.9,,161.25,43.6,0.0,0.0,,8.3,99.3,1013.7,"",47.6036,-122.329,"Seattle, WA, United States","Seattle, WA, United States","","Overcast"
"Seattle,WA,US","12/05/2019",45.0,51.2,48.0,43.3,83.83,,5.8,,51.25,43.2,0.0,0.0,,8.6,83.8,1015.7,"",47.6036,-122.329,"Seattle, WA, United States","Seattle, WA, United States","","Overcast"
"Seattle,WA,US","12/06/2019",46.1,54.0,49.5,43.7,80.78,,9.2,,92.08,43.1,0.04,8.33,,9.4,85.5,1009.6,"",47.6036,-122.329,"Seattle, WA, United States","Seattle, WA, United States","","Rain, Overcast"
"Seattle,WA,US","12/07/2019",47.0,51.2,48.9,46.3,90.46,,6.9,,89.58,43.6,0.0,0.0,,7.5,90.0,1010.3,"",47.6036,-122.329,"Seattle, WA, United States","Seattle, WA, United States","","Overcast"
"Seattle,WA,US","12/08/2019",45.0,52.1,48.4,44.4,85.99,,4.7,,57.5,42.5,0.0,0.0,,7.5,86.6,1022.3,"",47.6036,-122.329,"Seattle, WA, United States","Seattle, WA, United States","","Overcast"
"Seattle,WA,US","12/09/2019",39.8,46.1,43.4,39.0,84.61,,9.2,,94.09,35.0,0.0,0.0,,8.0,99.3,1022.8,"",47.6036,-122.329,"Seattle, WA, United States","Seattle, WA, United States","","Overcast"
"Seattle,WA,US","12/10/2019",41.0,46.1,44.3,41.6,90.08,,11.4,,142.5,35.2,0.03,8.33,,7.9,89.8,1019.2,"",47.6036,-122.329,"Seattle, WA, United States","Seattle, WA, United States","","Rain, Overcast"
"Seattle,WA,US","12/11/2019",46.1,51.2,48.6,44.0,84.37,,17.2,26.4,139.38,42.7,0.11,29.17,,8.6,76.4,1012.1,"",47.6036,-122.329,"Seattle, WA, United States","Seattle, WA, United States","","Rain, Overcast"
"Seattle,WA,US","12/12/2019",44.1,51.2,47.5,41.6,79.85,,15.0,26.4,176.04,39.0,0.05,12.5,,9.5,65.3,1015.6,"",47.6036,-122.329,"Seattle, WA, United States","Seattle, WA, United States","","Rain, Partially cloudy"
"Seattle,WA,US","12/13/2019",43.1,50.0,46.3,40.6,80.84,,9.2,,135.22,38.3,0.01,4.17,,9.6,67.7,1017.0,"",47.6036,-122.329,"Seattle, WA, United States","Seattle, WA, United States","","Rain, Partially cloudy"
"Seattle,WA,US","12/14/2019",37.1,44.1,42.0,38.8,88.49,,9.2,,112.92,33.4,0.28,25.0,,8.1,70.0,1017.3,"",47.6036,-122.329,"Seattle, WA, United States","Seattle, WA, United States","","Rain, Partially cloudy"
"Seattle,WA,US","12/15/2019",35.1,43.1,39.2,35.5,86.58,,6.9,,95.65,32.3,0.04,8.33,,9.3,74.8,1025.5,"",47.6036,-122.329,"Seattle, WA, United States","Seattle, WA, United States","","Rain, Partially cloudy"
"Seattle,WA,US","12/16/2019",35.1,47.0,41.0,35.8,82.09,,8.1,,99.58,29.6,0.0,0.0,,9.9,54.6,1024.8,"",47.6036,-122.329,"Seattle, WA, United States","Seattle, WA, United States","","Partially cloudy"
"Seattle,WA,US","12/17/2019",38.0,47.9,42.4,36.6,80.3,,6.9,,88.75,34.4,0.0,0.0,,9.9,53.9,1016.1,"",47.6036,-122.329,"Seattle, WA, United States","Seattle, WA, United States","","Partially cloudy"
"Seattle,WA,US","12/18/2019",39.8,47.0,43.5,37.4,79.52,,10.3,,130.0,34.4,0.11,25.0,,8.6,85.9,1009.2,"",47.6036,-122.329,"Seattle, WA, United States","Seattle, WA, United States","","Rain, Overcast"
"Seattle,WA,US","12/19/2019",44.1,54.0,49.9,46.0,86.49,,19.7,19.7,159.79,39.5,1.03,66.67,,5.9,83.5,1004.8,"",47.6036,-122.329,"Seattle, WA, United States","Seattle, WA, United States","","Rain, Overcast"
"Seattle,WA,US","12/20/2019",45.0,53.1,49.3,47.0,91.94,,12.8,17.2,145.0,42.5,1.31,70.83,,6.1,85.0,1007.0,"",47.6036,-122.329,"Seattle, WA, United States","Seattle, WA, United States","","Rain, Overcast"
"Seattle,WA,US","12/21/2019",39.8,45.0,43.4,41.1,91.28,,8.1,,62.08,39.1,0.04,4.17,,8.8,65.8,1010.4,"",47.6036,-122.329,"Seattle, WA, United States","Seattle, WA, United States","","Rain, Partially cloudy"
"Seattle,WA,US","12/22/2019",42.2,45.0,43.3,39.2,85.5,,6.9,,143.95,37.8,0.1,20.83,,8.8,82.8,1009.9,"",47.6036,-122.329,"Seattle, WA, United States","Seattle, WA, United States","","Rain, Overcast"
"Seattle,WA,US","12/23/2019",33.2,45.0,39.9,36.1,86.43,,8.1,,140.83,27.0,0.01,4.17,,9.9,63.9,1014.4,"",47.6036,-122.329,"Seattle, WA, United States","Seattle, WA, United States","","Rain, Partially cloudy"
"Seattle,WA,US","12/24/2019",34.1,39.8,38.0,34.1,85.86,,6.9,,86.25,28.0,0.0,0.0,,9.9,81.6,1010.7,"",47.6036,-122.329,"Seattle, WA, United States","Seattle, WA, United States","","Overcast"
"Seattle,WA,US","12/25/2019",28.1,44.1,36.0,31.7,84.93,,8.1,,40.42,20.9,0.0,0.0,,7.0,41.4,1018.8,"",47.6036,-122.329,"Seattle, WA, United States","Seattle, WA, United States","","Partially cloudy"
"Seattle,WA,US","12/26/2019",33.2,39.8,37.2,33.9,88.09,,10.3,,147.61,27.3,0.0,0.0,,7.9,83.5,1019.4,"",47.6036,-122.329,"Seattle, WA, United States","Seattle, WA, United States","","Overcast"
"Seattle,WA,US","12/27/2019",41.0,44.1,42.6,38.8,86.54,,6.9,,81.25,38.9,0.0,0.0,,9.2,88.0,1023.1,"",47.6036,-122.329,"Seattle, WA, United States","Seattle, WA, United States","","Overcast"
"Seattle,WA,US","12/28/2019",41.0,47.9,44.3,39.0,81.54,,5.8,,90.0,39.1,0.0,0.0,,9.9,82.2,1019.9,"",47.6036,-122.329,"Seattle, WA, United States","Seattle, WA, United States","","Overcast"
"Seattle,WA,US","12/29/2019",43.1,52.1,46.3,38.8,75.5,,9.2,,120.42,37.8,0.01,4.17,,9.3,84.3,1021.1,"",47.6036,-122.329,"Seattle, WA, United States","Seattle, WA, United States","","Rain, Overcast"
"Seattle,WA,US","12/30/2019",45.0,48.8,47.5,41.3,79.1,,15.0,23.0,161.25,40.7,0.0,0.0,,9.2,94.7,1024.0,"",47.6036,-122.329,"Seattle, WA, United States","Seattle, WA, United States","","Overcast"
"Seattle,WA,US","12/31/2019",48.8,55.1,51.4,46.0,81.83,,23.0,29.9,179.57,44.1,0.03,8.33,,9.7,76.4,1007.2,"",47.6036,-122.329,"Seattle, WA, United States","Seattle, WA, United States","","Rain, Overcast"